Id,Action,Section,CreatedDate,CreatedBy.Name
0YmJw00000T5hmwKAB,value_MAX_STREAMING_TOPICS_PROV,,2025-08-15T04:03:11.000+0000,
0YmJw00000T5hmxKAB,value_PROV_SCRATCH_ACTIVE_LIMIT,,2025-08-15T04:03:11.000+0000,
0YmJw00000T5hmvKAB,value_PROV_SCRATCH_DAILY_LIMIT,,2025-08-15T04:03:11.000+0000,
0YmJw00000T5hmuKAB,value_PROV_SNAPSHOT_DAILY_LIMIT,,2025-08-15T04:03:11.000+0000,
0YmJw00000T5hmtKAB,value_RULES_ENGINE_CALLS_LIMIT,,2025-08-15T04:03:11.000+0000,
0YmJw00000T5hmsKAB,value_PROV_SNAPSHOT_ACTIVE_LIMIT,,2025-08-15T04:03:11.000+0000,
0YmJw00000T0N2TKAV,changedApexPage,Page,2025-08-13T11:24:24.000+0000,
0YmJw00000T0U0bKAF,changedApexPage,Page,2025-08-13T11:24:23.000+0000,
0YmJw00000T0TyzKAF,changedApexPage,Page,2025-08-13T11:24:22.000+0000,
0YmJw00000T0TxNKAV,changedApexPage,Page,2025-08-13T11:24:21.000+0000,
0YmJw00000T0TvlKAF,changedApexPage,Page,2025-08-13T11:24:20.000+0000,
0YmJw00000T0NbsKAF,changedApexPage,Page,2025-08-13T11:24:20.000+0000,
0YmJw00000T0Tu9KAF,changedApexPage,Page,2025-08-13T11:24:19.000+0000,
0YmJw00000T0OwAKAV,changedApexPage,Page,2025-08-13T11:24:18.000+0000,
0YmJw00000T0T0KKAV,upgradedpackagingapp,Custom Apps,2025-08-13T11:24:06.000+0000,
0YmJw00000T0T0JKAV,createdActionOverrideCustom,Custom Objects,2025-08-13T11:23:54.000+0000,
0YmJw00000T0T0EKAV,changedApexPage,Page,2025-08-13T11:23:53.000+0000,
0YmJw00000T0T0DKAV,changedApexPage,Page,2025-08-13T11:23:53.000+0000,
0YmJw00000T0T0IKAV,changedCustEntLabel,Custom Objects,2025-08-13T11:23:53.000+0000,
0YmJw00000T0T0GKAV,changedApexPage,Page,2025-08-13T11:23:53.000+0000,
0YmJw00000T0T0HKAV,changedCustEntRecName,Custom Objects,2025-08-13T11:23:53.000+0000,
0YmJw00000T0T0FKAV,changedApexPage,Page,2025-08-13T11:23:53.000+0000,
0YmJw00000T0T0CKAV,changedApexComponent,Component,2025-08-13T11:23:52.000+0000,
0YmJw00000T0T0BKAV,changedApexComponent,Component,2025-08-13T11:23:52.000+0000,
0YmJw00000T0T0AKAV,changedApexComponent,Component,2025-08-13T11:23:52.000+0000,
0YmJw00000T0T09KAF,changedApexComponent,Component,2025-08-13T11:23:51.000+0000,
0YmJw00000T0T07KAF,changedApexTrigger,Apex Trigger,2025-08-13T11:23:49.000+0000,
0YmJw00000T0T08KAF,changedApexTrigger,Apex Trigger,2025-08-13T11:23:49.000+0000,
0YmJw00000T0T03KAF,changedApexClass,Apex Class,2025-08-13T11:23:48.000+0000,
0YmJw00000T0T00KAF,changedApexClass,Apex Class,2025-08-13T11:23:48.000+0000,
0YmJw00000T0T06KAF,changedApexClass,Apex Class,2025-08-13T11:23:48.000+0000,
0YmJw00000T0T01KAF,changedApexClass,Apex Class,2025-08-13T11:23:48.000+0000,
0YmJw00000T0T05KAF,changedApexClass,Apex Class,2025-08-13T11:23:48.000+0000,
0YmJw00000T0T02KAF,changedApexClass,Apex Class,2025-08-13T11:23:48.000+0000,
0YmJw00000T0T04KAF,changedApexClass,Apex Class,2025-08-13T11:23:48.000+0000,
0YmJw00000T0SzxKAF,changedCFCustom,Custom Objects,2025-08-13T11:23:45.000+0000,
0YmJw00000T0SzyKAF,changedCFFormulaCustom,Custom Objects,2025-08-13T11:23:45.000+0000,
0YmJw00000T0SzzKAF,createdCFCustom,Custom Objects,2025-08-13T11:23:45.000+0000,
0YmJw00000T0SztKAF,changedCustEntLabel,Custom Objects,2025-08-13T11:23:44.000+0000,
0YmJw00000T0SzsKAF,changedCustEntRecName,Custom Objects,2025-08-13T11:23:44.000+0000,
0YmJw00000T0SzwKAF,changedCFCustom,Custom Objects,2025-08-13T11:23:44.000+0000,
0YmJw00000T0SzvKAF,changedCFDefaultFormulaCustom,Custom Objects,2025-08-13T11:23:44.000+0000,
0YmJw00000T0SzuKAF,changedCFCustom,Custom Objects,2025-08-13T11:23:44.000+0000,
0YmJw00000T0SzpKAF,changedApexPage,Page,2025-08-13T11:23:43.000+0000,
0YmJw00000T0SzrKAF,changedCustEntLabel,Custom Objects,2025-08-13T11:23:43.000+0000,
0YmJw00000T0SzqKAF,changedCustEntRecName,Custom Objects,2025-08-13T11:23:43.000+0000,
0YmJw00000T0SzoKAF,changedApexComponent,Component,2025-08-13T11:23:41.000+0000,
0YmJw00000T0SzjKAF,changedStaticResource,Static Resource,2025-08-13T11:23:41.000+0000,
0YmJw00000T0SznKAF,changedApexComponent,Component,2025-08-13T11:23:41.000+0000,
0YmJw00000T0SzmKAF,changedApexComponent,Component,2025-08-13T11:23:41.000+0000,
0YmJw00000T0SzkKAF,changedLightningWebComponent,Lightning Components,2025-08-13T11:23:41.000+0000,
0YmJw00000T0SzlKAF,changedApexComponent,Component,2025-08-13T11:23:41.000+0000,
0YmJw00000Svat8KAB,PermSetFlsChanged,Manage Users,2025-08-11T18:23:14.000+0000,Jon Cline
0YmJw00000Svat9KAB,PermSetFlsChanged,Manage Users,2025-08-11T18:23:14.000+0000,Jon Cline
0YmJw00000Svat4KAB,PermSetEntityPermChanged,Manage Users,2025-08-11T18:23:14.000+0000,Jon Cline
0YmJw00000Svat5KAB,PermSetTabSettingsChangedNew,Manage Users,2025-08-11T18:23:14.000+0000,Jon Cline
0YmJw00000Svat7KAB,PermSetFlsChanged,Manage Users,2025-08-11T18:23:14.000+0000,Jon Cline
0YmJw00000SvatAKAR,PermSetFlsChanged,Manage Users,2025-08-11T18:23:14.000+0000,Jon Cline
0YmJw00000Svat6KAB,PermSetCreate,Manage Users,2025-08-11T18:23:14.000+0000,Jon Cline
0YmJw00000Svat3KAB,savedlistlayoutLead,Customize Leads,2025-08-11T18:23:10.000+0000,Jon Cline
0YmJw00000SogQdKAJ,value_PROV_SNAPSHOT_ACTIVE_LIMIT,,2025-08-08T10:35:44.000+0000,
0YmJw00000SogQfKAJ,value_PROV_SNAPSHOT_DAILY_LIMIT,,2025-08-08T10:35:44.000+0000,
0YmJw00000SogQhKAJ,value_MAX_STREAMING_TOPICS_PROV,,2025-08-08T10:35:44.000+0000,
0YmJw00000SogQiKAJ,value_PROV_SCRATCH_ACTIVE_LIMIT,,2025-08-08T10:35:44.000+0000,
0YmJw00000SogQeKAJ,value_RULES_ENGINE_CALLS_LIMIT,,2025-08-08T10:35:44.000+0000,
0YmJw00000SogQgKAJ,value_PROV_SCRATCH_DAILY_LIMIT,,2025-08-08T10:35:44.000+0000,
0YmJw00000Sn7ppKAB,changedFlexiPage,Lightning Pages,2025-08-07T19:58:56.000+0000,Jon Cline
0YmJw00000SmypmKAB,custentlayout,Custom Objects,2025-08-07T19:49:22.000+0000,Jon Cline
0YmJw00000Sn5hZKAR,changedFlexiPage,Lightning Pages,2025-08-07T19:48:17.000+0000,Jon Cline
0YmJw00000Sn1ShKAJ,changedCFLengthCustom,Custom Objects,2025-08-07T19:45:56.000+0000,Jon Cline
0YmJw00000SlH6vKAF,PermSetAssign,Manage Users,2025-08-07T05:17:08.000+0000,Automated Process
0YmJw00000SZDLfKAP,value_PROV_SNAPSHOT_DAILY_LIMIT,,2025-08-02T10:37:49.000+0000,
0YmJw00000SZDLdKAP,value_PROV_SNAPSHOT_ACTIVE_LIMIT,,2025-08-02T10:37:49.000+0000,
0YmJw00000SZDLhKAP,value_MAX_STREAMING_TOPICS_PROV,,2025-08-02T10:37:49.000+0000,
0YmJw00000SZDLeKAP,value_RULES_ENGINE_CALLS_LIMIT,,2025-08-02T10:37:49.000+0000,
0YmJw00000SZDLiKAP,value_PROV_SCRATCH_ACTIVE_LIMIT,,2025-08-02T10:37:49.000+0000,
0YmJw00000SZDLgKAP,value_PROV_SCRATCH_DAILY_LIMIT,,2025-08-02T10:37:49.000+0000,
0YmJw00000SBnNJKA1,value_PROV_SNAPSHOT_ACTIVE_LIMIT,,2025-07-24T11:21:03.000+0000,
0YmJw00000SBnNLKA1,value_PROV_SNAPSHOT_DAILY_LIMIT,,2025-07-24T11:21:03.000+0000,
0YmJw00000SBnNMKA1,value_PROV_SCRATCH_DAILY_LIMIT,,2025-07-24T11:21:03.000+0000,
0YmJw00000SBnNNKA1,value_MAX_STREAMING_TOPICS_PROV,,2025-07-24T11:21:03.000+0000,
0YmJw00000SBnNKKA1,value_RULES_ENGINE_CALLS_LIMIT,,2025-07-24T11:21:03.000+0000,
0YmJw00000SBnNOKA1,value_PROV_SCRATCH_ACTIVE_LIMIT,,2025-07-24T11:21:03.000+0000,
0YmJw00000RyU8ZKAV,value_PROV_SNAPSHOT_DAILY_LIMIT,,2025-07-19T07:04:31.000+0000,
0YmJw00000RyU8YKAV,value_RULES_ENGINE_CALLS_LIMIT,,2025-07-19T07:04:31.000+0000,
0YmJw00000RyU8XKAV,value_PROV_SNAPSHOT_ACTIVE_LIMIT,,2025-07-19T07:04:31.000+0000,
0YmJw00000RyU8cKAF,value_PROV_SCRATCH_ACTIVE_LIMIT,,2025-07-19T07:04:31.000+0000,
0YmJw00000RyU8bKAF,value_MAX_STREAMING_TOPICS_PROV,,2025-07-19T07:04:31.000+0000,
0YmJw00000RyU8aKAF,value_PROV_SCRATCH_DAILY_LIMIT,,2025-07-19T07:04:31.000+0000,
0YmJw00000Rs1VpKAJ,deleteScratchOrg,,2025-07-16T21:47:09.000+0000,Jon Cline
0YmJw00000RrVW0KAN,deleteScratchOrg,,2025-07-16T19:30:26.000+0000,Jon Cline
0YmJw00000RpewjKAB,changedpassword,Manage Users,2025-07-16T04:17:47.000+0000,Jon Cline
0YmJw00000Rp2Q1KAJ,changedFlexiPage,Lightning Pages,2025-07-15T22:49:35.000+0000,Jackson Hull
0YmJw00000Rp2BVKAZ,changedFlexiPage,Lightning Pages,2025-07-15T22:49:04.000+0000,Jackson Hull
0YmJw00000Rp28HKAR,createdQuickActionCustom,Customize Opportunities,2025-07-15T22:48:57.000+0000,Jackson Hull
0YmJw00000Rp1CDKAZ,activatedinteractiondefinition,Flows,2025-07-15T22:46:14.000+0000,Jackson Hull
0YmJw00000RooJsKAJ,createdCustEntTab,Custom Tabs,2025-07-15T22:45:29.000+0000,Jackson Hull
0YmJw00000Rp0eLKAR,profileFlsChangedStandard,Manage Users,2025-07-15T22:44:21.000+0000,Jackson Hull
0YmJw00000Rp0eNKAR,profileFlsChangedStandard,Manage Users,2025-07-15T22:44:21.000+0000,Jackson Hull
0YmJw00000Rp0eOKAR,profileFlsChangedStandard,Manage Users,2025-07-15T22:44:21.000+0000,Jackson Hull
0YmJw00000Rp0eMKAR,profileFlsChangedStandard,Manage Users,2025-07-15T22:44:21.000+0000,Jackson Hull
0YmJw00000RozKEKAZ,createdActionOverrideCustom,Custom Objects,2025-07-15T22:41:06.000+0000,Jon Cline
0YmJw00000RozKDKAZ,createdinteractiondefinition,Flows,2025-07-15T22:41:05.000+0000,Jon Cline
0YmJw00000RozKBKAZ,createdCFCustom,Custom Objects,2025-07-15T22:41:03.000+0000,Jon Cline
0YmJw00000RozK8KAJ,createdCFCustom,Custom Objects,2025-07-15T22:41:03.000+0000,Jon Cline
0YmJw00000RozKCKAZ,createdFlexiPage,Lightning Pages,2025-07-15T22:41:03.000+0000,Jon Cline
0YmJw00000RozK7KAJ,changedCFLength,Customize Opportunities,2025-07-15T22:41:03.000+0000,Jon Cline
0YmJw00000RozK6KAJ,changedCFFieldHelp,Customize Opportunities,2025-07-15T22:41:03.000+0000,Jon Cline
0YmJw00000RozK9KAJ,createdCFCustom,Custom Objects,2025-07-15T22:41:03.000+0000,Jon Cline
0YmJw00000RozKAKAZ,createdCFCustom,Custom Objects,2025-07-15T22:41:03.000+0000,Jon Cline
0YmJw00000RozK5KAJ,createdCustEnt,Custom Objects,2025-07-15T22:41:02.000+0000,Jon Cline
0YmJw00000Ro7y1KAB,changedpassword,Manage Users,2025-07-15T17:33:49.000+0000,Jon Cline
0YmJw00000RglKmKAJ,value_RULES_ENGINE_CALLS_LIMIT,,2025-07-12T10:38:10.000+0000,
0YmJw00000RglKqKAJ,value_PROV_SCRATCH_ACTIVE_LIMIT,,2025-07-12T10:38:10.000+0000,
0YmJw00000RglKpKAJ,value_MAX_STREAMING_TOPICS_PROV,,2025-07-12T10:38:10.000+0000,
0YmJw00000RglKoKAJ,value_PROV_SCRATCH_DAILY_LIMIT,,2025-07-12T10:38:10.000+0000,
0YmJw00000RglKlKAJ,value_PROV_SNAPSHOT_ACTIVE_LIMIT,,2025-07-12T10:38:10.000+0000,
0YmJw00000RglKnKAJ,value_PROV_SNAPSHOT_DAILY_LIMIT,,2025-07-12T10:38:10.000+0000,
0YmJw00000RTjWtKAL,value_PROV_SNAPSHOT_DAILY_LIMIT,,2025-07-08T10:35:54.000+0000,
0YmJw00000RTjWuKAL,value_PROV_SCRATCH_DAILY_LIMIT,,2025-07-08T10:35:54.000+0000,
0YmJw00000RTjWwKAL,value_PROV_SCRATCH_ACTIVE_LIMIT,,2025-07-08T10:35:54.000+0000,
0YmJw00000RTjWvKAL,value_MAX_STREAMING_TOPICS_PROV,,2025-07-08T10:35:54.000+0000,
0YmJw00000RTjWsKAL,value_RULES_ENGINE_CALLS_LIMIT,,2025-07-08T10:35:53.000+0000,
0YmJw00000RTjWrKAL,value_PROV_SNAPSHOT_ACTIVE_LIMIT,,2025-07-08T10:35:53.000+0000,
0YmJw00000RKZtJKAX,PermSetCreate,Manage Users,2025-07-03T17:41:51.000+0000,Jackson Hull
0YmJw00000RKWQoKAP,PermSetDelete,Manage Users,2025-07-03T17:41:27.000+0000,Jackson Hull
0YmJw00000RKZlFKAX,createduser,Manage Users,2025-07-03T17:41:14.000+0000,Jackson Hull
0YmJw00000RKFY4KAP,addedtodelegatedgroup,Security Controls,2025-07-03T16:50:53.000+0000,Jackson Hull
0YmJw00000RKFY5KAP,addedtodelegatedgroup,Security Controls,2025-07-03T16:50:53.000+0000,Jackson Hull
0YmJw00000RKRkTKAX,addedtodelegatedgroup,Security Controls,2025-07-03T16:50:11.000+0000,Jackson Hull
0YmJw00000RKRfdKAH,changeDelegateGroupLoginAccess,Security Controls,2025-07-03T16:49:46.000+0000,Jackson Hull
0YmJw00000RKIJ2KAP,PermSetCreate,Manage Users,2025-07-03T16:26:53.000+0000,Jackson Hull
0YmJw00000RKBYCKA5,adddelegatedgroup,Security Controls,2025-07-03T16:21:05.000+0000,Jackson Hull
0YmJw00000RJcy5KAD,BlackTabFrameworkActionRun,,2025-07-03T10:31:59.000+0000,
0YmJw00000RJ40QKAT,value_PROV_SCRATCH_DAILY_LIMIT,,2025-07-03T04:26:13.000+0000,
0YmJw00000RJ40PKAT,value_PROV_SNAPSHOT_DAILY_LIMIT,,2025-07-03T04:26:13.000+0000,
0YmJw00000RJ40RKAT,value_MAX_STREAMING_TOPICS_PROV,,2025-07-03T04:26:13.000+0000,
0YmJw00000RJ40SKAT,value_PROV_SCRATCH_ACTIVE_LIMIT,,2025-07-03T04:26:13.000+0000,
0YmJw00000RJ40NKAT,value_PROV_SNAPSHOT_ACTIVE_LIMIT,,2025-07-03T04:26:13.000+0000,
0YmJw00000RJ40OKAT,value_RULES_ENGINE_CALLS_LIMIT,,2025-07-03T04:26:13.000+0000,
0YmJw00000RGsRWKA1,upgradedpackagingapp,Custom Apps,2025-07-02T13:35:04.000+0000,
0YmJw00000RGm6yKAD,package2VersionUpgradeDeprecate,Second Generation Package Version,2025-07-02T13:34:52.000+0000,
0YmJw00000RGsRDKA1,package2VersionUpgradeDeprecate,Second Generation Package Version,2025-07-02T13:34:52.000+0000,
0YmJw00000RGsREKA1,package2VersionUpgradeDeprecate,Second Generation Package Version,2025-07-02T13:34:52.000+0000,
0YmJw00000RGsQFKA1,package2VersionUpgradeDeprecate,Second Generation Package Version,2025-07-02T13:34:52.000+0000,
0YmJw00000RGm75KAD,package2VersionUpgradeDeprecate,Second Generation Package Version,2025-07-02T13:34:52.000+0000,
0YmJw00000RGm6xKAD,package2VersionUpgradeDeprecate,Second Generation Package Version,2025-07-02T13:34:52.000+0000,
0YmJw00000RGsQCKA1,package2VersionUpgradeDeprecate,Second Generation Package Version,2025-07-02T13:34:52.000+0000,
0YmJw00000RGsR6KAL,package2VersionUpgradeDeprecate,Second Generation Package Version,2025-07-02T13:34:52.000+0000,
0YmJw00000RGsQBKA1,package2VersionUpgradeDeprecate,Second Generation Package Version,2025-07-02T13:34:52.000+0000,
0YmJw00000RGsRFKA1,package2VersionUpgradeDeprecate,Second Generation Package Version,2025-07-02T13:34:52.000+0000,
0YmJw00000RGsQ2KAL,package2VersionUpgradeDeprecate,Second Generation Package Version,2025-07-02T13:34:52.000+0000,
0YmJw00000RGm6wKAD,package2VersionUpgradeDeprecate,Second Generation Package Version,2025-07-02T13:34:52.000+0000,
0YmJw00000RGsQvKAL,package2VersionUpgradeDeprecate,Second Generation Package Version,2025-07-02T13:34:52.000+0000,
0YmJw00000RGsRUKA1,package2VersionUpgradeDeprecate,Second Generation Package Version,2025-07-02T13:34:52.000+0000,
0YmJw00000RGsQsKAL,package2VersionUpgradeDeprecate,Second Generation Package Version,2025-07-02T13:34:52.000+0000,
0YmJw00000RGsQXKA1,package2VersionUpgradeDeprecate,Second Generation Package Version,2025-07-02T13:34:52.000+0000,
0YmJw00000RGm7HKAT,package2VersionUpgradeDeprecate,Second Generation Package Version,2025-07-02T13:34:52.000+0000,
0YmJw00000RGm71KAD,package2VersionUpgradeDeprecate,Second Generation Package Version,2025-07-02T13:34:52.000+0000,
0YmJw00000RGsQnKAL,package2VersionUpgradeDeprecate,Second Generation Package Version,2025-07-02T13:34:52.000+0000,
0YmJw00000RGsRCKA1,package2VersionUpgradeDeprecate,Second Generation Package Version,2025-07-02T13:34:52.000+0000,
0YmJw00000RGsRMKA1,package2VersionUpgradeDeprecate,Second Generation Package Version,2025-07-02T13:34:52.000+0000,
0YmJw00000RGsRNKA1,package2VersionUpgradeDeprecate,Second Generation Package Version,2025-07-02T13:34:52.000+0000,
0YmJw00000RGsROKA1,package2VersionUpgradeDeprecate,Second Generation Package Version,2025-07-02T13:34:52.000+0000,
0YmJw00000RGsQMKA1,package2VersionUpgradeDeprecate,Second Generation Package Version,2025-07-02T13:34:52.000+0000,
0YmJw00000RGsRLKA1,package2VersionUpgradeDeprecate,Second Generation Package Version,2025-07-02T13:34:52.000+0000,
0YmJw00000RGsQeKAL,package2VersionUpgradeDeprecate,Second Generation Package Version,2025-07-02T13:34:52.000+0000,
0YmJw00000RGm7SKAT,package2VersionUpgradeDeprecate,Second Generation Package Version,2025-07-02T13:34:52.000+0000,
0YmJw00000RGsQcKAL,package2VersionUpgradeDeprecate,Second Generation Package Version,2025-07-02T13:34:52.000+0000,
0YmJw00000RGsQUKA1,package2VersionUpgradeDeprecate,Second Generation Package Version,2025-07-02T13:34:52.000+0000,
0YmJw00000RGsQyKAL,package2VersionUpgradeDeprecate,Second Generation Package Version,2025-07-02T13:34:52.000+0000,
0YmJw00000RGsQpKAL,package2VersionUpgradeDeprecate,Second Generation Package Version,2025-07-02T13:34:52.000+0000,
0YmJw00000RGsQlKAL,package2VersionUpgradeDeprecate,Second Generation Package Version,2025-07-02T13:34:52.000+0000,
0YmJw00000RGm7KKAT,package2VersionUpgradeDeprecate,Second Generation Package Version,2025-07-02T13:34:52.000+0000,
0YmJw00000RGsQPKA1,package2VersionUpgradeDeprecate,Second Generation Package Version,2025-07-02T13:34:52.000+0000,
0YmJw00000RGm79KAD,package2VersionUpgradeDeprecate,Second Generation Package Version,2025-07-02T13:34:52.000+0000,
0YmJw00000RGsQTKA1,package2VersionUpgradeDeprecate,Second Generation Package Version,2025-07-02T13:34:52.000+0000,
0YmJw00000RGsQLKA1,package2VersionUpgradeDeprecate,Second Generation Package Version,2025-07-02T13:34:52.000+0000,
0YmJw00000RGm7MKAT,package2VersionUpgradeDeprecate,Second Generation Package Version,2025-07-02T13:34:52.000+0000,
0YmJw00000RGm74KAD,package2VersionUpgradeDeprecate,Second Generation Package Version,2025-07-02T13:34:52.000+0000,
0YmJw00000RGsQIKA1,package2VersionUpgradeDeprecate,Second Generation Package Version,2025-07-02T13:34:52.000+0000,
0YmJw00000RGsQ8KAL,package2VersionUpgradeDeprecate,Second Generation Package Version,2025-07-02T13:34:52.000+0000,
0YmJw00000RGm78KAD,package2VersionUpgradeDeprecate,Second Generation Package Version,2025-07-02T13:34:52.000+0000,
0YmJw00000RGsQAKA1,package2VersionUpgradeDeprecate,Second Generation Package Version,2025-07-02T13:34:52.000+0000,
0YmJw00000RGm7XKAT,package2VersionUpgradeDeprecate,Second Generation Package Version,2025-07-02T13:34:52.000+0000,
0YmJw00000RGsQDKA1,package2VersionUpgradeDeprecate,Second Generation Package Version,2025-07-02T13:34:52.000+0000,
0YmJw00000RGm77KAD,package2VersionUpgradeDeprecate,Second Generation Package Version,2025-07-02T13:34:52.000+0000,
0YmJw00000RGsQ6KAL,package2VersionUpgradeDeprecate,Second Generation Package Version,2025-07-02T13:34:52.000+0000,
0YmJw00000RGm7EKAT,package2VersionUpgradeDeprecate,Second Generation Package Version,2025-07-02T13:34:52.000+0000,
0YmJw00000RGsQ1KAL,package2VersionUpgradeDeprecate,Second Generation Package Version,2025-07-02T13:34:52.000+0000,
0YmJw00000RGsQgKAL,package2VersionUpgradeDeprecate,Second Generation Package Version,2025-07-02T13:34:52.000+0000,
0YmJw00000RGsQQKA1,package2VersionUpgradeDeprecate,Second Generation Package Version,2025-07-02T13:34:52.000+0000,
0YmJw00000RGsR5KAL,package2VersionUpgradeDeprecate,Second Generation Package Version,2025-07-02T13:34:52.000+0000,
0YmJw00000RGsQGKA1,package2VersionUpgradeDeprecate,Second Generation Package Version,2025-07-02T13:34:52.000+0000,
0YmJw00000RGm70KAD,package2VersionUpgradeDeprecate,Second Generation Package Version,2025-07-02T13:34:52.000+0000,
0YmJw00000RGsQ0KAL,package2VersionUpgradeDeprecate,Second Generation Package Version,2025-07-02T13:34:52.000+0000,
0YmJw00000RGm6uKAD,package2VersionUpgradeDeprecate,Second Generation Package Version,2025-07-02T13:34:52.000+0000,
0YmJw00000RGsR9KAL,package2VersionUpgradeDeprecate,Second Generation Package Version,2025-07-02T13:34:52.000+0000,
0YmJw00000RGm76KAD,package2VersionUpgradeDeprecate,Second Generation Package Version,2025-07-02T13:34:52.000+0000,
0YmJw00000RGsRSKA1,package2VersionUpgradeDeprecate,Second Generation Package Version,2025-07-02T13:34:52.000+0000,
0YmJw00000RGsR0KAL,package2VersionUpgradeDeprecate,Second Generation Package Version,2025-07-02T13:34:52.000+0000,
0YmJw00000RGsQ7KAL,package2VersionUpgradeDeprecate,Second Generation Package Version,2025-07-02T13:34:52.000+0000,
0YmJw00000RGsPvKAL,package2VersionUpgradeDeprecate,Second Generation Package Version,2025-07-02T13:34:52.000+0000,
0YmJw00000RGm7WKAT,package2VersionUpgradeDeprecate,Second Generation Package Version,2025-07-02T13:34:52.000+0000,
0YmJw00000RGm7VKAT,package2VersionUpgradeDeprecate,Second Generation Package Version,2025-07-02T13:34:52.000+0000,
0YmJw00000RGm7JKAT,package2VersionUpgradeDeprecate,Second Generation Package Version,2025-07-02T13:34:52.000+0000,
0YmJw00000RGm7TKAT,package2VersionUpgradeDeprecate,Second Generation Package Version,2025-07-02T13:34:52.000+0000,
0YmJw00000RGsPwKAL,package2VersionUpgradeDeprecate,Second Generation Package Version,2025-07-02T13:34:52.000+0000,
0YmJw00000RGsRJKA1,package2VersionUpgradeDeprecate,Second Generation Package Version,2025-07-02T13:34:52.000+0000,
0YmJw00000RGsPxKAL,package2VersionUpgradeDeprecate,Second Generation Package Version,2025-07-02T13:34:52.000+0000,
0YmJw00000RGsQaKAL,package2VersionUpgradeDeprecate,Second Generation Package Version,2025-07-02T13:34:52.000+0000,
0YmJw00000RGsQHKA1,package2VersionUpgradeDeprecate,Second Generation Package Version,2025-07-02T13:34:52.000+0000,
0YmJw00000RGm7FKAT,package2VersionUpgradeDeprecate,Second Generation Package Version,2025-07-02T13:34:52.000+0000,
0YmJw00000RGsQJKA1,package2VersionUpgradeDeprecate,Second Generation Package Version,2025-07-02T13:34:52.000+0000,
0YmJw00000RGm72KAD,package2VersionUpgradeDeprecate,Second Generation Package Version,2025-07-02T13:34:52.000+0000,
0YmJw00000RGm6zKAD,package2VersionUpgradeDeprecate,Second Generation Package Version,2025-07-02T13:34:52.000+0000,
0YmJw00000RGm7LKAT,package2VersionUpgradeDeprecate,Second Generation Package Version,2025-07-02T13:34:52.000+0000,
0YmJw00000RGsQiKAL,package2VersionUpgradeDeprecate,Second Generation Package Version,2025-07-02T13:34:52.000+0000,
0YmJw00000RGm7AKAT,package2VersionUpgradeDeprecate,Second Generation Package Version,2025-07-02T13:34:52.000+0000,
0YmJw00000RGsQNKA1,package2VersionUpgradeDeprecate,Second Generation Package Version,2025-07-02T13:34:52.000+0000,
0YmJw00000RGsRBKA1,package2VersionUpgradeDeprecate,Second Generation Package Version,2025-07-02T13:34:52.000+0000,
0YmJw00000RGsR8KAL,package2VersionUpgradeDeprecate,Second Generation Package Version,2025-07-02T13:34:52.000+0000,
0YmJw00000RGm7IKAT,package2VersionUpgradeDeprecate,Second Generation Package Version,2025-07-02T13:34:52.000+0000,
0YmJw00000RGsRKKA1,package2VersionUpgradeDeprecate,Second Generation Package Version,2025-07-02T13:34:52.000+0000,
0YmJw00000RGsQ5KAL,package2VersionUpgradeDeprecate,Second Generation Package Version,2025-07-02T13:34:52.000+0000,
0YmJw00000RGsRIKA1,package2VersionUpgradeDeprecate,Second Generation Package Version,2025-07-02T13:34:52.000+0000,
0YmJw00000RGm7QKAT,package2VersionUpgradeDeprecate,Second Generation Package Version,2025-07-02T13:34:52.000+0000,
0YmJw00000RGm7CKAT,package2VersionUpgradeDeprecate,Second Generation Package Version,2025-07-02T13:34:52.000+0000,
0YmJw00000RGsRQKA1,package2VersionUpgradeDeprecate,Second Generation Package Version,2025-07-02T13:34:52.000+0000,
0YmJw00000RGsQmKAL,package2VersionUpgradeDeprecate,Second Generation Package Version,2025-07-02T13:34:52.000+0000,
0YmJw00000RGsPtKAL,package2VersionUpgradeDeprecate,Second Generation Package Version,2025-07-02T13:34:52.000+0000,
0YmJw00000RGsQ9KAL,package2VersionUpgradeDeprecate,Second Generation Package Version,2025-07-02T13:34:52.000+0000,
0YmJw00000RGm7NKAT,package2VersionUpgradeDeprecate,Second Generation Package Version,2025-07-02T13:34:52.000+0000,
0YmJw00000RGsQ4KAL,package2VersionUpgradeDeprecate,Second Generation Package Version,2025-07-02T13:34:52.000+0000,
0YmJw00000RGm73KAD,package2VersionUpgradeDeprecate,Second Generation Package Version,2025-07-02T13:34:52.000+0000,
0YmJw00000RGm7DKAT,package2VersionUpgradeDeprecate,Second Generation Package Version,2025-07-02T13:34:52.000+0000,
0YmJw00000RGsPyKAL,package2VersionUpgradeDeprecate,Second Generation Package Version,2025-07-02T13:34:52.000+0000,
0YmJw00000RGsQtKAL,package2VersionUpgradeDeprecate,Second Generation Package Version,2025-07-02T13:34:52.000+0000,
0YmJw00000RGsQ3KAL,package2VersionUpgradeDeprecate,Second Generation Package Version,2025-07-02T13:34:52.000+0000,
0YmJw00000RGsQEKA1,package2VersionUpgradeDeprecate,Second Generation Package Version,2025-07-02T13:34:52.000+0000,
0YmJw00000RGm7PKAT,package2VersionUpgradeDeprecate,Second Generation Package Version,2025-07-02T13:34:52.000+0000,
0YmJw00000RGsQfKAL,package2VersionUpgradeDeprecate,Second Generation Package Version,2025-07-02T13:34:52.000+0000,
0YmJw00000RGsQSKA1,package2VersionUpgradeDeprecate,Second Generation Package Version,2025-07-02T13:34:52.000+0000,
0YmJw00000RGsQkKAL,package2VersionUpgradeDeprecate,Second Generation Package Version,2025-07-02T13:34:52.000+0000,
0YmJw00000RGm7YKAT,package2VersionUpgradeDeprecate,Second Generation Package Version,2025-07-02T13:34:52.000+0000,
0YmJw00000RGsQKKA1,package2VersionUpgradeDeprecate,Second Generation Package Version,2025-07-02T13:34:52.000+0000,
0YmJw00000RGsR4KAL,package2VersionUpgradeDeprecate,Second Generation Package Version,2025-07-02T13:34:52.000+0000,
0YmJw00000RGm7RKAT,package2VersionUpgradeDeprecate,Second Generation Package Version,2025-07-02T13:34:52.000+0000,
0YmJw00000RGsQRKA1,package2VersionUpgradeDeprecate,Second Generation Package Version,2025-07-02T13:34:52.000+0000,
0YmJw00000RGsRPKA1,package2VersionUpgradeDeprecate,Second Generation Package Version,2025-07-02T13:34:52.000+0000,
0YmJw00000RGm7BKAT,package2VersionUpgradeDeprecate,Second Generation Package Version,2025-07-02T13:34:52.000+0000,
0YmJw00000RGsRTKA1,package2VersionUpgradeDeprecate,Second Generation Package Version,2025-07-02T13:34:52.000+0000,
0YmJw00000RGsQOKA1,package2VersionUpgradeDeprecate,Second Generation Package Version,2025-07-02T13:34:52.000+0000,
0YmJw00000RGsRVKA1,package2VersionUpgradeDeprecate,Second Generation Package Version,2025-07-02T13:34:52.000+0000,
0YmJw00000RGsQdKAL,package2VersionUpgradeDeprecate,Second Generation Package Version,2025-07-02T13:34:52.000+0000,
0YmJw00000RGsQhKAL,package2VersionUpgradeDeprecate,Second Generation Package Version,2025-07-02T13:34:52.000+0000,
0YmJw00000RGsR7KAL,package2VersionUpgradeDeprecate,Second Generation Package Version,2025-07-02T13:34:52.000+0000,
0YmJw00000RGsQwKAL,package2VersionUpgradeDeprecate,Second Generation Package Version,2025-07-02T13:34:52.000+0000,
0YmJw00000RGm7GKAT,package2VersionUpgradeDeprecate,Second Generation Package Version,2025-07-02T13:34:52.000+0000,
0YmJw00000RGsQbKAL,package2VersionUpgradeDeprecate,Second Generation Package Version,2025-07-02T13:34:52.000+0000,
0YmJw00000RGm7OKAT,package2VersionUpgradeDeprecate,Second Generation Package Version,2025-07-02T13:34:52.000+0000,
0YmJw00000RGsQqKAL,package2VersionUpgradeDeprecate,Second Generation Package Version,2025-07-02T13:34:52.000+0000,
0YmJw00000RGsQrKAL,package2VersionUpgradeDeprecate,Second Generation Package Version,2025-07-02T13:34:52.000+0000,
0YmJw00000RGsQuKAL,package2VersionUpgradeDeprecate,Second Generation Package Version,2025-07-02T13:34:52.000+0000,
0YmJw00000RGsRHKA1,package2VersionUpgradeDeprecate,Second Generation Package Version,2025-07-02T13:34:52.000+0000,
0YmJw00000RGsR1KAL,package2VersionUpgradeDeprecate,Second Generation Package Version,2025-07-02T13:34:52.000+0000,
0YmJw00000RGsQzKAL,package2VersionUpgradeDeprecate,Second Generation Package Version,2025-07-02T13:34:52.000+0000,
0YmJw00000RGsQVKA1,package2VersionUpgradeDeprecate,Second Generation Package Version,2025-07-02T13:34:52.000+0000,
0YmJw00000RGsRRKA1,package2VersionUpgradeDeprecate,Second Generation Package Version,2025-07-02T13:34:52.000+0000,
0YmJw00000RGsR2KAL,package2VersionUpgradeDeprecate,Second Generation Package Version,2025-07-02T13:34:52.000+0000,
0YmJw00000RGsRAKA1,package2VersionUpgradeDeprecate,Second Generation Package Version,2025-07-02T13:34:52.000+0000,
0YmJw00000RGsQxKAL,package2VersionUpgradeDeprecate,Second Generation Package Version,2025-07-02T13:34:52.000+0000,
0YmJw00000RGsQZKA1,package2VersionUpgradeDeprecate,Second Generation Package Version,2025-07-02T13:34:52.000+0000,
0YmJw00000RGsR3KAL,package2VersionUpgradeDeprecate,Second Generation Package Version,2025-07-02T13:34:52.000+0000,
0YmJw00000RGsQjKAL,package2VersionUpgradeDeprecate,Second Generation Package Version,2025-07-02T13:34:52.000+0000,
0YmJw00000RGsPuKAL,package2VersionUpgradeDeprecate,Second Generation Package Version,2025-07-02T13:34:52.000+0000,
0YmJw00000RGsRGKA1,package2VersionUpgradeDeprecate,Second Generation Package Version,2025-07-02T13:34:52.000+0000,
0YmJw00000RGsQYKA1,package2VersionUpgradeDeprecate,Second Generation Package Version,2025-07-02T13:34:52.000+0000,
0YmJw00000RGm7UKAT,package2VersionUpgradeDeprecate,Second Generation Package Version,2025-07-02T13:34:52.000+0000,
0YmJw00000RGsQWKA1,package2VersionUpgradeDeprecate,Second Generation Package Version,2025-07-02T13:34:52.000+0000,
0YmJw00000RGsQoKAL,package2VersionUpgradeDeprecate,Second Generation Package Version,2025-07-02T13:34:52.000+0000,
0YmJw00000RGm6vKAD,package2VersionUpgradeDeprecate,Second Generation Package Version,2025-07-02T13:34:52.000+0000,
0YmJw00000RGsPzKAL,package2VersionUpgradeDeprecate,Second Generation Package Version,2025-07-02T13:34:52.000+0000,
0YmJw00000RGm6tKAD,changeDataCaptureCreatedWithChannel,Change Data Capture,2025-07-02T13:34:08.000+0000,
0YmJw00000RGm6sKAD,changeDataCaptureCreatedWithChannel,Change Data Capture,2025-07-02T13:34:08.000+0000,
0YmJw00000RGm6rKAD,changeDataCaptureCreatedWithChannel,Change Data Capture,2025-07-02T13:34:07.000+0000,
0YmJw00000RGm6qKAD,changeDataCaptureCreatedWithChannel,Change Data Capture,2025-07-02T13:34:07.000+0000,
0YmJw00000RGm6pKAD,changeDataCaptureCreatedWithChannel,Change Data Capture,2025-07-02T13:34:07.000+0000,
0YmJw00000RGm6iKAD,changedApexTrigger,Apex Trigger,2025-07-02T13:34:06.000+0000,
0YmJw00000RGm6XKAT,changedApexTrigger,Apex Trigger,2025-07-02T13:34:06.000+0000,
0YmJw00000RGm6dKAD,changedApexTrigger,Apex Trigger,2025-07-02T13:34:06.000+0000,
0YmJw00000RGm6fKAD,changedApexTrigger,Apex Trigger,2025-07-02T13:34:06.000+0000,
0YmJw00000RGm6oKAD,changedApexTrigger,Apex Trigger,2025-07-02T13:34:06.000+0000,
0YmJw00000RGm6mKAD,changedApexTrigger,Apex Trigger,2025-07-02T13:34:06.000+0000,
0YmJw00000RGm6ZKAT,changedApexTrigger,Apex Trigger,2025-07-02T13:34:06.000+0000,
0YmJw00000RGm6eKAD,changedApexTrigger,Apex Trigger,2025-07-02T13:34:06.000+0000,
0YmJw00000RGm6aKAD,changedApexTrigger,Apex Trigger,2025-07-02T13:34:06.000+0000,
0YmJw00000RGm6YKAT,changedApexTrigger,Apex Trigger,2025-07-02T13:34:06.000+0000,
0YmJw00000RGm6jKAD,changedApexTrigger,Apex Trigger,2025-07-02T13:34:06.000+0000,
0YmJw00000RGm6bKAD,changedApexTrigger,Apex Trigger,2025-07-02T13:34:06.000+0000,
0YmJw00000RGm6kKAD,changedApexTrigger,Apex Trigger,2025-07-02T13:34:06.000+0000,
0YmJw00000RGm6nKAD,changedApexTrigger,Apex Trigger,2025-07-02T13:34:06.000+0000,
0YmJw00000RGm6lKAD,changedApexTrigger,Apex Trigger,2025-07-02T13:34:06.000+0000,
0YmJw00000RGm6gKAD,changedApexTrigger,Apex Trigger,2025-07-02T13:34:06.000+0000,
0YmJw00000RGm6cKAD,changedApexTrigger,Apex Trigger,2025-07-02T13:34:06.000+0000,
0YmJw00000RGm6hKAD,changedApexTrigger,Apex Trigger,2025-07-02T13:34:06.000+0000,
0YmJw00000RGm6VKAT,changedApexClass,Apex Class,2025-07-02T13:33:40.000+0000,
0YmJw00000RGm6UKAT,changedApexClass,Apex Class,2025-07-02T13:33:40.000+0000,
0YmJw00000RGm6SKAT,changedApexClass,Apex Class,2025-07-02T13:33:40.000+0000,
0YmJw00000RGm6TKAT,changedApexClass,Apex Class,2025-07-02T13:33:40.000+0000,
0YmJw00000RGm6WKAT,changedApexClass,Apex Class,2025-07-02T13:33:40.000+0000,
0YmJw00000RGljLKAT,changedApexClass,Apex Class,2025-07-02T13:33:39.000+0000,
0YmJw00000RGm5xKAD,changedApexClass,Apex Class,2025-07-02T13:33:39.000+0000,
0YmJw00000RGm69KAD,changedApexClass,Apex Class,2025-07-02T13:33:39.000+0000,
0YmJw00000RGm6DKAT,changedApexClass,Apex Class,2025-07-02T13:33:39.000+0000,
0YmJw00000RGm6BKAT,changedApexClass,Apex Class,2025-07-02T13:33:39.000+0000,
0YmJw00000RGm61KAD,changedApexClass,Apex Class,2025-07-02T13:33:39.000+0000,
0YmJw00000RGm63KAD,changedApexClass,Apex Class,2025-07-02T13:33:39.000+0000,
0YmJw00000RGm5yKAD,changedApexClass,Apex Class,2025-07-02T13:33:39.000+0000,
0YmJw00000RGljGKAT,changedApexClass,Apex Class,2025-07-02T13:33:39.000+0000,
0YmJw00000RGm6OKAT,changedApexClass,Apex Class,2025-07-02T13:33:39.000+0000,
0YmJw00000RGm6NKAT,changedApexClass,Apex Class,2025-07-02T13:33:39.000+0000,
0YmJw00000RGm6PKAT,changedApexClass,Apex Class,2025-07-02T13:33:39.000+0000,
0YmJw00000RGm6RKAT,changedApexClass,Apex Class,2025-07-02T13:33:39.000+0000,
0YmJw00000RGm6QKAT,changedApexClass,Apex Class,2025-07-02T13:33:39.000+0000,
0YmJw00000RGm6GKAT,changedApexClass,Apex Class,2025-07-02T13:33:39.000+0000,
0YmJw00000RGm6KKAT,changedApexClass,Apex Class,2025-07-02T13:33:39.000+0000,
0YmJw00000RGm6FKAT,changedApexClass,Apex Class,2025-07-02T13:33:39.000+0000,
0YmJw00000RGm6LKAT,changedApexClass,Apex Class,2025-07-02T13:33:39.000+0000,
0YmJw00000RGm66KAD,changedApexClass,Apex Class,2025-07-02T13:33:39.000+0000,
0YmJw00000RGm67KAD,changedApexClass,Apex Class,2025-07-02T13:33:39.000+0000,
0YmJw00000RGm6CKAT,changedApexClass,Apex Class,2025-07-02T13:33:39.000+0000,
0YmJw00000RGm60KAD,changedApexClass,Apex Class,2025-07-02T13:33:39.000+0000,
0YmJw00000RGm64KAD,changedApexClass,Apex Class,2025-07-02T13:33:39.000+0000,
0YmJw00000RGm5zKAD,changedApexClass,Apex Class,2025-07-02T13:33:39.000+0000,
0YmJw00000RGljMKAT,changedApexClass,Apex Class,2025-07-02T13:33:39.000+0000,
0YmJw00000RGm65KAD,changedApexClass,Apex Class,2025-07-02T13:33:39.000+0000,
0YmJw00000RGljKKAT,changedApexClass,Apex Class,2025-07-02T13:33:39.000+0000,
0YmJw00000RGljJKAT,changedApexClass,Apex Class,2025-07-02T13:33:39.000+0000,
0YmJw00000RGm6MKAT,changedApexClass,Apex Class,2025-07-02T13:33:39.000+0000,
0YmJw00000RGm6IKAT,changedApexClass,Apex Class,2025-07-02T13:33:39.000+0000,
0YmJw00000RGm6JKAT,changedApexClass,Apex Class,2025-07-02T13:33:39.000+0000,
0YmJw00000RGm6EKAT,changedApexClass,Apex Class,2025-07-02T13:33:39.000+0000,
0YmJw00000RGljHKAT,changedApexClass,Apex Class,2025-07-02T13:33:39.000+0000,
0YmJw00000RGm6AKAT,changedApexClass,Apex Class,2025-07-02T13:33:39.000+0000,
0YmJw00000RGljIKAT,changedApexClass,Apex Class,2025-07-02T13:33:39.000+0000,
0YmJw00000RGm68KAD,changedApexClass,Apex Class,2025-07-02T13:33:39.000+0000,
0YmJw00000RGm6HKAT,changedApexClass,Apex Class,2025-07-02T13:33:39.000+0000,
0YmJw00000RGm62KAD,changedApexClass,Apex Class,2025-07-02T13:33:39.000+0000,
0YmJw00000RGlilKAD,changedApexClass,Apex Class,2025-07-02T13:33:38.000+0000,
0YmJw00000RGlj8KAD,changedApexClass,Apex Class,2025-07-02T13:33:38.000+0000,
0YmJw00000RGlj4KAD,changedApexClass,Apex Class,2025-07-02T13:33:38.000+0000,
0YmJw00000RGljCKAT,changedApexClass,Apex Class,2025-07-02T13:33:38.000+0000,
0YmJw00000RGlinKAD,changedApexClass,Apex Class,2025-07-02T13:33:38.000+0000,
0YmJw00000RGlirKAD,changedApexClass,Apex Class,2025-07-02T13:33:38.000+0000,
0YmJw00000RGlikKAD,changedApexClass,Apex Class,2025-07-02T13:33:38.000+0000,
0YmJw00000RGlisKAD,changedApexClass,Apex Class,2025-07-02T13:33:38.000+0000,
0YmJw00000RGliyKAD,changedApexClass,Apex Class,2025-07-02T13:33:38.000+0000,
0YmJw00000RGljDKAT,changedApexClass,Apex Class,2025-07-02T13:33:38.000+0000,
0YmJw00000RGljEKAT,changedApexClass,Apex Class,2025-07-02T13:33:38.000+0000,
0YmJw00000RGljBKAT,changedApexClass,Apex Class,2025-07-02T13:33:38.000+0000,
0YmJw00000RGlj9KAD,changedApexClass,Apex Class,2025-07-02T13:33:38.000+0000,
0YmJw00000RGljFKAT,changedApexClass,Apex Class,2025-07-02T13:33:38.000+0000,
0YmJw00000RGljAKAT,changedApexClass,Apex Class,2025-07-02T13:33:38.000+0000,
0YmJw00000RGlj5KAD,changedApexClass,Apex Class,2025-07-02T13:33:38.000+0000,
0YmJw00000RGlj6KAD,changedApexClass,Apex Class,2025-07-02T13:33:38.000+0000,
0YmJw00000RGlj3KAD,changedApexClass,Apex Class,2025-07-02T13:33:38.000+0000,
0YmJw00000RGlj7KAD,changedApexClass,Apex Class,2025-07-02T13:33:38.000+0000,
0YmJw00000RGlj1KAD,changedApexClass,Apex Class,2025-07-02T13:33:38.000+0000,
0YmJw00000RGlj2KAD,changedApexClass,Apex Class,2025-07-02T13:33:38.000+0000,
0YmJw00000RGlixKAD,changedApexClass,Apex Class,2025-07-02T13:33:38.000+0000,
0YmJw00000RGlivKAD,changedApexClass,Apex Class,2025-07-02T13:33:38.000+0000,
0YmJw00000RGliwKAD,changedApexClass,Apex Class,2025-07-02T13:33:38.000+0000,
0YmJw00000RGlitKAD,changedApexClass,Apex Class,2025-07-02T13:33:38.000+0000,
0YmJw00000RGliuKAD,changedApexClass,Apex Class,2025-07-02T13:33:38.000+0000,
0YmJw00000RGlizKAD,changedApexClass,Apex Class,2025-07-02T13:33:38.000+0000,
0YmJw00000RGlioKAD,changedApexClass,Apex Class,2025-07-02T13:33:38.000+0000,
0YmJw00000RGliqKAD,changedApexClass,Apex Class,2025-07-02T13:33:38.000+0000,
0YmJw00000RGlipKAD,changedApexClass,Apex Class,2025-07-02T13:33:38.000+0000,
0YmJw00000RGlj0KAD,changedApexClass,Apex Class,2025-07-02T13:33:38.000+0000,
0YmJw00000RGlimKAD,changedApexClass,Apex Class,2025-07-02T13:33:38.000+0000,
0YmJw00000RGliiKAD,changedApexClass,Apex Class,2025-07-02T13:33:38.000+0000,
0YmJw00000RGlijKAD,changedApexClass,Apex Class,2025-07-02T13:33:38.000+0000,
0YmJw00000RGlifKAD,changedApexClass,Apex Class,2025-07-02T13:33:38.000+0000,
0YmJw00000RGligKAD,changedApexClass,Apex Class,2025-07-02T13:33:38.000+0000,
0YmJw00000RGlihKAD,changedApexClass,Apex Class,2025-07-02T13:33:38.000+0000,
0YmJw00000RGliPKAT,changedApexClass,Apex Class,2025-07-02T13:33:37.000+0000,
0YmJw00000RGliOKAT,changedApexClass,Apex Class,2025-07-02T13:33:37.000+0000,
0YmJw00000RGliVKAT,changedApexClass,Apex Class,2025-07-02T13:33:37.000+0000,
0YmJw00000RGliBKAT,changedApexClass,Apex Class,2025-07-02T13:33:37.000+0000,
0YmJw00000RGli7KAD,changedApexClass,Apex Class,2025-07-02T13:33:37.000+0000,
0YmJw00000RGlibKAD,changedApexClass,Apex Class,2025-07-02T13:33:37.000+0000,
0YmJw00000RGlicKAD,changedApexClass,Apex Class,2025-07-02T13:33:37.000+0000,
0YmJw00000RGlidKAD,changedApexClass,Apex Class,2025-07-02T13:33:37.000+0000,
0YmJw00000RGliZKAT,changedApexClass,Apex Class,2025-07-02T13:33:37.000+0000,
0YmJw00000RGlieKAD,changedApexClass,Apex Class,2025-07-02T13:33:37.000+0000,
0YmJw00000RGliaKAD,changedApexClass,Apex Class,2025-07-02T13:33:37.000+0000,
0YmJw00000RGliWKAT,changedApexClass,Apex Class,2025-07-02T13:33:37.000+0000,
0YmJw00000RGliXKAT,changedApexClass,Apex Class,2025-07-02T13:33:37.000+0000,
0YmJw00000RGliUKAT,changedApexClass,Apex Class,2025-07-02T13:33:37.000+0000,
0YmJw00000RGliTKAT,changedApexClass,Apex Class,2025-07-02T13:33:37.000+0000,
0YmJw00000RGliYKAT,changedApexClass,Apex Class,2025-07-02T13:33:37.000+0000,
0YmJw00000RGliQKAT,changedApexClass,Apex Class,2025-07-02T13:33:37.000+0000,
0YmJw00000RGliNKAT,changedApexClass,Apex Class,2025-07-02T13:33:37.000+0000,
0YmJw00000RGliKKAT,changedApexClass,Apex Class,2025-07-02T13:33:37.000+0000,
0YmJw00000RGliLKAT,changedApexClass,Apex Class,2025-07-02T13:33:37.000+0000,
0YmJw00000RGliMKAT,changedApexClass,Apex Class,2025-07-02T13:33:37.000+0000,
0YmJw00000RGliRKAT,changedApexClass,Apex Class,2025-07-02T13:33:37.000+0000,
0YmJw00000RGliSKAT,changedApexClass,Apex Class,2025-07-02T13:33:37.000+0000,
0YmJw00000RGliJKAT,changedApexClass,Apex Class,2025-07-02T13:33:37.000+0000,
0YmJw00000RGliCKAT,changedApexClass,Apex Class,2025-07-02T13:33:37.000+0000,
0YmJw00000RGliDKAT,changedApexClass,Apex Class,2025-07-02T13:33:37.000+0000,
0YmJw00000RGliAKAT,changedApexClass,Apex Class,2025-07-02T13:33:37.000+0000,
0YmJw00000RGli8KAD,changedApexClass,Apex Class,2025-07-02T13:33:37.000+0000,
0YmJw00000RGliEKAT,changedApexClass,Apex Class,2025-07-02T13:33:37.000+0000,
0YmJw00000RGli9KAD,changedApexClass,Apex Class,2025-07-02T13:33:37.000+0000,
0YmJw00000RGli2KAD,changedApexClass,Apex Class,2025-07-02T13:33:37.000+0000,
0YmJw00000RGliFKAT,changedApexClass,Apex Class,2025-07-02T13:33:37.000+0000,
0YmJw00000RGliGKAT,changedApexClass,Apex Class,2025-07-02T13:33:37.000+0000,
0YmJw00000RGli3KAD,changedApexClass,Apex Class,2025-07-02T13:33:37.000+0000,
0YmJw00000RGli4KAD,changedApexClass,Apex Class,2025-07-02T13:33:37.000+0000,
0YmJw00000RGliHKAT,changedApexClass,Apex Class,2025-07-02T13:33:37.000+0000,
0YmJw00000RGli6KAD,changedApexClass,Apex Class,2025-07-02T13:33:37.000+0000,
0YmJw00000RGli5KAD,changedApexClass,Apex Class,2025-07-02T13:33:37.000+0000,
0YmJw00000RGliIKAT,changedApexClass,Apex Class,2025-07-02T13:33:37.000+0000,
0YmJw00000RGlOGKA1,changedApexClass,Apex Class,2025-07-02T13:33:36.000+0000,
0YmJw00000RGlO2KAL,changedApexClass,Apex Class,2025-07-02T13:33:36.000+0000,
0YmJw00000RGlO0KAL,changedApexClass,Apex Class,2025-07-02T13:33:36.000+0000,
0YmJw00000RGlOIKA1,changedApexClass,Apex Class,2025-07-02T13:33:36.000+0000,
0YmJw00000RGlhrKAD,changedApexClass,Apex Class,2025-07-02T13:33:36.000+0000,
0YmJw00000RGlhnKAD,changedApexClass,Apex Class,2025-07-02T13:33:36.000+0000,
0YmJw00000RGlhyKAD,changedApexClass,Apex Class,2025-07-02T13:33:36.000+0000,
0YmJw00000RGlO8KAL,changedApexClass,Apex Class,2025-07-02T13:33:36.000+0000,
0YmJw00000RGlhzKAD,changedApexClass,Apex Class,2025-07-02T13:33:36.000+0000,
0YmJw00000RGli0KAD,changedApexClass,Apex Class,2025-07-02T13:33:36.000+0000,
0YmJw00000RGlhxKAD,changedApexClass,Apex Class,2025-07-02T13:33:36.000+0000,
0YmJw00000RGli1KAD,changedApexClass,Apex Class,2025-07-02T13:33:36.000+0000,
0YmJw00000RGlhwKAD,changedApexClass,Apex Class,2025-07-02T13:33:36.000+0000,
0YmJw00000RGlhsKAD,changedApexClass,Apex Class,2025-07-02T13:33:36.000+0000,
0YmJw00000RGlhtKAD,changedApexClass,Apex Class,2025-07-02T13:33:36.000+0000,
0YmJw00000RGlhqKAD,changedApexClass,Apex Class,2025-07-02T13:33:36.000+0000,
0YmJw00000RGlhoKAD,changedApexClass,Apex Class,2025-07-02T13:33:36.000+0000,
0YmJw00000RGlhuKAD,changedApexClass,Apex Class,2025-07-02T13:33:36.000+0000,
0YmJw00000RGlhpKAD,changedApexClass,Apex Class,2025-07-02T13:33:36.000+0000,
0YmJw00000RGlhvKAD,changedApexClass,Apex Class,2025-07-02T13:33:36.000+0000,
0YmJw00000RGlONKA1,changedApexClass,Apex Class,2025-07-02T13:33:36.000+0000,
0YmJw00000RGlOOKA1,changedApexClass,Apex Class,2025-07-02T13:33:36.000+0000,
0YmJw00000RGlhlKAD,changedApexClass,Apex Class,2025-07-02T13:33:36.000+0000,
0YmJw00000RGlhmKAD,changedApexClass,Apex Class,2025-07-02T13:33:36.000+0000,
0YmJw00000RGlOMKA1,changedApexClass,Apex Class,2025-07-02T13:33:36.000+0000,
0YmJw00000RGlOHKA1,changedApexClass,Apex Class,2025-07-02T13:33:36.000+0000,
0YmJw00000RGlOFKA1,changedApexClass,Apex Class,2025-07-02T13:33:36.000+0000,
0YmJw00000RGlOJKA1,changedApexClass,Apex Class,2025-07-02T13:33:36.000+0000,
0YmJw00000RGlODKA1,changedApexClass,Apex Class,2025-07-02T13:33:36.000+0000,
0YmJw00000RGlOEKA1,changedApexClass,Apex Class,2025-07-02T13:33:36.000+0000,
0YmJw00000RGlOKKA1,changedApexClass,Apex Class,2025-07-02T13:33:36.000+0000,
0YmJw00000RGlO9KAL,changedApexClass,Apex Class,2025-07-02T13:33:36.000+0000,
0YmJw00000RGlOAKA1,changedApexClass,Apex Class,2025-07-02T13:33:36.000+0000,
0YmJw00000RGlO7KAL,changedApexClass,Apex Class,2025-07-02T13:33:36.000+0000,
0YmJw00000RGlOBKA1,changedApexClass,Apex Class,2025-07-02T13:33:36.000+0000,
0YmJw00000RGlO5KAL,changedApexClass,Apex Class,2025-07-02T13:33:36.000+0000,
0YmJw00000RGlOLKA1,changedApexClass,Apex Class,2025-07-02T13:33:36.000+0000,
0YmJw00000RGlO6KAL,changedApexClass,Apex Class,2025-07-02T13:33:36.000+0000,
0YmJw00000RGlO1KAL,changedApexClass,Apex Class,2025-07-02T13:33:36.000+0000,
0YmJw00000RGlNzKAL,changedApexClass,Apex Class,2025-07-02T13:33:36.000+0000,
0YmJw00000RGlO3KAL,changedApexClass,Apex Class,2025-07-02T13:33:36.000+0000,
0YmJw00000RGlO4KAL,changedApexClass,Apex Class,2025-07-02T13:33:36.000+0000,
0YmJw00000RGlNyKAL,changedApexClass,Apex Class,2025-07-02T13:33:36.000+0000,
0YmJw00000RGlOCKA1,changedApexClass,Apex Class,2025-07-02T13:33:36.000+0000,
0YmJw00000RGlNbKAL,changedApexClass,Apex Class,2025-07-02T13:33:35.000+0000,
0YmJw00000RGlNdKAL,changedApexClass,Apex Class,2025-07-02T13:33:35.000+0000,
0YmJw00000RGlNlKAL,changedApexClass,Apex Class,2025-07-02T13:33:35.000+0000,
0YmJw00000RGlNhKAL,changedApexClass,Apex Class,2025-07-02T13:33:35.000+0000,
0YmJw00000RGlNvKAL,changedApexClass,Apex Class,2025-07-02T13:33:35.000+0000,
0YmJw00000RGlNuKAL,changedApexClass,Apex Class,2025-07-02T13:33:35.000+0000,
0YmJw00000RGlNwKAL,changedApexClass,Apex Class,2025-07-02T13:33:35.000+0000,
0YmJw00000RGlNsKAL,changedApexClass,Apex Class,2025-07-02T13:33:35.000+0000,
0YmJw00000RGlNxKAL,changedApexClass,Apex Class,2025-07-02T13:33:35.000+0000,
0YmJw00000RGlNtKAL,changedApexClass,Apex Class,2025-07-02T13:33:35.000+0000,
0YmJw00000RGlNmKAL,changedApexClass,Apex Class,2025-07-02T13:33:35.000+0000,
0YmJw00000RGlNnKAL,changedApexClass,Apex Class,2025-07-02T13:33:35.000+0000,
0YmJw00000RGlNkKAL,changedApexClass,Apex Class,2025-07-02T13:33:35.000+0000,
0YmJw00000RGlNiKAL,changedApexClass,Apex Class,2025-07-02T13:33:35.000+0000,
0YmJw00000RGlNoKAL,changedApexClass,Apex Class,2025-07-02T13:33:35.000+0000,
0YmJw00000RGlNjKAL,changedApexClass,Apex Class,2025-07-02T13:33:35.000+0000,
0YmJw00000RGlNeKAL,changedApexClass,Apex Class,2025-07-02T13:33:35.000+0000,
0YmJw00000RGlNcKAL,changedApexClass,Apex Class,2025-07-02T13:33:35.000+0000,
0YmJw00000RGlNfKAL,changedApexClass,Apex Class,2025-07-02T13:33:35.000+0000,
0YmJw00000RGlNgKAL,changedApexClass,Apex Class,2025-07-02T13:33:35.000+0000,
0YmJw00000RGlNaKAL,changedApexClass,Apex Class,2025-07-02T13:33:35.000+0000,
0YmJw00000RGlNpKAL,changedApexClass,Apex Class,2025-07-02T13:33:35.000+0000,
0YmJw00000RGlNWKA1,changedApexClass,Apex Class,2025-07-02T13:33:35.000+0000,
0YmJw00000RGlNXKA1,changedApexClass,Apex Class,2025-07-02T13:33:35.000+0000,
0YmJw00000RGlNUKA1,changedApexClass,Apex Class,2025-07-02T13:33:35.000+0000,
0YmJw00000RGlNSKA1,changedApexClass,Apex Class,2025-07-02T13:33:35.000+0000,
0YmJw00000RGlNYKA1,changedApexClass,Apex Class,2025-07-02T13:33:35.000+0000,
0YmJw00000RGlNTKA1,changedApexClass,Apex Class,2025-07-02T13:33:35.000+0000,
0YmJw00000RGlNOKA1,changedApexClass,Apex Class,2025-07-02T13:33:35.000+0000,
0YmJw00000RGlNPKA1,changedApexClass,Apex Class,2025-07-02T13:33:35.000+0000,
0YmJw00000RGlNLKA1,changedApexClass,Apex Class,2025-07-02T13:33:35.000+0000,
0YmJw00000RGlNqKAL,changedApexClass,Apex Class,2025-07-02T13:33:35.000+0000,
0YmJw00000RGlNQKA1,changedApexClass,Apex Class,2025-07-02T13:33:35.000+0000,
0YmJw00000RGlNZKA1,changedApexClass,Apex Class,2025-07-02T13:33:35.000+0000,
0YmJw00000RGlNGKA1,changedApexClass,Apex Class,2025-07-02T13:33:35.000+0000,
0YmJw00000RGlNHKA1,changedApexClass,Apex Class,2025-07-02T13:33:35.000+0000,
0YmJw00000RGlNIKA1,changedApexClass,Apex Class,2025-07-02T13:33:35.000+0000,
0YmJw00000RGlNrKAL,changedApexClass,Apex Class,2025-07-02T13:33:35.000+0000,
0YmJw00000RGlNNKA1,changedApexClass,Apex Class,2025-07-02T13:33:35.000+0000,
0YmJw00000RGlNMKA1,changedApexClass,Apex Class,2025-07-02T13:33:35.000+0000,
0YmJw00000RGlNJKA1,changedApexClass,Apex Class,2025-07-02T13:33:35.000+0000,
0YmJw00000RGlNVKA1,changedApexClass,Apex Class,2025-07-02T13:33:35.000+0000,
0YmJw00000RGlNKKA1,changedApexClass,Apex Class,2025-07-02T13:33:35.000+0000,
0YmJw00000RGlNRKA1,changedApexClass,Apex Class,2025-07-02T13:33:35.000+0000,
0YmJw00000RGlN8KAL,changedApexClass,Apex Class,2025-07-02T13:33:34.000+0000,
0YmJw00000RGlN9KAL,changedApexClass,Apex Class,2025-07-02T13:33:34.000+0000,
0YmJw00000RGlNAKA1,changedApexClass,Apex Class,2025-07-02T13:33:34.000+0000,
0YmJw00000RGlN7KAL,changedApexClass,Apex Class,2025-07-02T13:33:34.000+0000,
0YmJw00000RGlN4KAL,changedApexClass,Apex Class,2025-07-02T13:33:34.000+0000,
0YmJw00000RGlN5KAL,changedApexClass,Apex Class,2025-07-02T13:33:34.000+0000,
0YmJw00000RGlNBKA1,changedApexClass,Apex Class,2025-07-02T13:33:34.000+0000,
0YmJw00000RGlN6KAL,changedApexClass,Apex Class,2025-07-02T13:33:34.000+0000,
0YmJw00000RGlN0KAL,changedApexClass,Apex Class,2025-07-02T13:33:34.000+0000,
0YmJw00000RGlN1KAL,changedApexClass,Apex Class,2025-07-02T13:33:34.000+0000,
0YmJw00000RGlN2KAL,changedApexClass,Apex Class,2025-07-02T13:33:34.000+0000,
0YmJw00000RGlMzKAL,changedApexClass,Apex Class,2025-07-02T13:33:34.000+0000,
0YmJw00000RGlMsKAL,changedApexClass,Apex Class,2025-07-02T13:33:34.000+0000,
0YmJw00000RGlMtKAL,changedApexClass,Apex Class,2025-07-02T13:33:34.000+0000,
0YmJw00000RGlMuKAL,changedApexClass,Apex Class,2025-07-02T13:33:34.000+0000,
0YmJw00000RGlMvKAL,changedApexClass,Apex Class,2025-07-02T13:33:34.000+0000,
0YmJw00000RGlNDKA1,changedApexClass,Apex Class,2025-07-02T13:33:34.000+0000,
0YmJw00000RGlNEKA1,changedApexClass,Apex Class,2025-07-02T13:33:34.000+0000,
0YmJw00000RGlN3KAL,changedApexClass,Apex Class,2025-07-02T13:33:34.000+0000,
0YmJw00000RGlNCKA1,changedApexClass,Apex Class,2025-07-02T13:33:34.000+0000,
0YmJw00000RGlMyKAL,changedApexClass,Apex Class,2025-07-02T13:33:34.000+0000,
0YmJw00000RGlNFKA1,changedApexClass,Apex Class,2025-07-02T13:33:34.000+0000,
0YmJw00000RGlMwKAL,changedApexClass,Apex Class,2025-07-02T13:33:34.000+0000,
0YmJw00000RGlMxKAL,changedApexClass,Apex Class,2025-07-02T13:33:34.000+0000,
0YmJw00000RGlMrKAL,changedApexClass,Apex Class,2025-07-02T13:33:34.000+0000,
0YmJw00000RGlMqKAL,changedApexClass,Apex Class,2025-07-02T13:33:34.000+0000,
0YmJw00000RGl51KAD,changedApexClass,Apex Class,2025-07-02T13:33:34.000+0000,
0YmJw00000RGl50KAD,changedApexClass,Apex Class,2025-07-02T13:33:34.000+0000,
0YmJw00000RGl52KAD,changedApexClass,Apex Class,2025-07-02T13:33:34.000+0000,
0YmJw00000RGl4wKAD,changedApexClass,Apex Class,2025-07-02T13:33:34.000+0000,
0YmJw00000RGl4xKAD,changedApexClass,Apex Class,2025-07-02T13:33:34.000+0000,
0YmJw00000RGl4zKAD,changedApexClass,Apex Class,2025-07-02T13:33:34.000+0000,
0YmJw00000RGl4yKAD,changedApexClass,Apex Class,2025-07-02T13:33:34.000+0000,
0YmJw00000RGl4vKAD,changedApexClass,Apex Class,2025-07-02T13:33:34.000+0000,
0YmJw00000RGl4uKAD,changedApexClass,Apex Class,2025-07-02T13:33:34.000+0000,
0YmJw00000RGlMnKAL,changedApexClass,Apex Class,2025-07-02T13:33:34.000+0000,
0YmJw00000RGl4pKAD,changedApexClass,Apex Class,2025-07-02T13:33:34.000+0000,
0YmJw00000RGl4qKAD,changedApexClass,Apex Class,2025-07-02T13:33:34.000+0000,
0YmJw00000RGlMoKAL,changedApexClass,Apex Class,2025-07-02T13:33:34.000+0000,
0YmJw00000RGl4rKAD,changedApexClass,Apex Class,2025-07-02T13:33:34.000+0000,
0YmJw00000RGl4oKAD,changedApexClass,Apex Class,2025-07-02T13:33:34.000+0000,
0YmJw00000RGl4sKAD,changedApexClass,Apex Class,2025-07-02T13:33:34.000+0000,
0YmJw00000RGl4nKAD,changedApexClass,Apex Class,2025-07-02T13:33:34.000+0000,
0YmJw00000RGlMpKAL,changedApexClass,Apex Class,2025-07-02T13:33:34.000+0000,
0YmJw00000RGl4tKAD,changedApexClass,Apex Class,2025-07-02T13:33:34.000+0000,
0YmJw00000RGl4hKAD,changedApexClass,Apex Class,2025-07-02T13:33:33.000+0000,
0YmJw00000RGl4fKAD,changedApexClass,Apex Class,2025-07-02T13:33:33.000+0000,
0YmJw00000RGl4iKAD,changedApexClass,Apex Class,2025-07-02T13:33:33.000+0000,
0YmJw00000RGl4bKAD,changedApexClass,Apex Class,2025-07-02T13:33:33.000+0000,
0YmJw00000RGl4cKAD,changedApexClass,Apex Class,2025-07-02T13:33:33.000+0000,
0YmJw00000RGl4dKAD,changedApexClass,Apex Class,2025-07-02T13:33:33.000+0000,
0YmJw00000RGl4kKAD,changedApexClass,Apex Class,2025-07-02T13:33:33.000+0000,
0YmJw00000RGl4VKAT,changedApexClass,Apex Class,2025-07-02T13:33:33.000+0000,
0YmJw00000RGl4WKAT,changedApexClass,Apex Class,2025-07-02T13:33:33.000+0000,
0YmJw00000RGl4XKAT,changedApexClass,Apex Class,2025-07-02T13:33:33.000+0000,
0YmJw00000RGl4UKAT,changedApexClass,Apex Class,2025-07-02T13:33:33.000+0000,
0YmJw00000RGl4RKAT,changedApexClass,Apex Class,2025-07-02T13:33:33.000+0000,
0YmJw00000RGl4SKAT,changedApexClass,Apex Class,2025-07-02T13:33:33.000+0000,
0YmJw00000RGl4YKAT,changedApexClass,Apex Class,2025-07-02T13:33:33.000+0000,
0YmJw00000RGl4TKAT,changedApexClass,Apex Class,2025-07-02T13:33:33.000+0000,
0YmJw00000RGl4NKAT,changedApexClass,Apex Class,2025-07-02T13:33:33.000+0000,
0YmJw00000RGl4OKAT,changedApexClass,Apex Class,2025-07-02T13:33:33.000+0000,
0YmJw00000RGl4PKAT,changedApexClass,Apex Class,2025-07-02T13:33:33.000+0000,
0YmJw00000RGl4MKAT,changedApexClass,Apex Class,2025-07-02T13:33:33.000+0000,
0YmJw00000RGl4QKAT,changedApexClass,Apex Class,2025-07-02T13:33:33.000+0000,
0YmJw00000RGl4KKAT,changedApexClass,Apex Class,2025-07-02T13:33:33.000+0000,
0YmJw00000RGl4ZKAT,changedApexClass,Apex Class,2025-07-02T13:33:33.000+0000,
0YmJw00000RGl4LKAT,changedApexClass,Apex Class,2025-07-02T13:33:33.000+0000,
0YmJw00000RGl4FKAT,changedApexClass,Apex Class,2025-07-02T13:33:33.000+0000,
0YmJw00000RGl4GKAT,changedApexClass,Apex Class,2025-07-02T13:33:33.000+0000,
0YmJw00000RGl4HKAT,changedApexClass,Apex Class,2025-07-02T13:33:33.000+0000,
0YmJw00000RGl4EKAT,changedApexClass,Apex Class,2025-07-02T13:33:33.000+0000,
0YmJw00000RGl4BKAT,changedApexClass,Apex Class,2025-07-02T13:33:33.000+0000,
0YmJw00000RGl4CKAT,changedApexClass,Apex Class,2025-07-02T13:33:33.000+0000,
0YmJw00000RGl4IKAT,changedApexClass,Apex Class,2025-07-02T13:33:33.000+0000,
0YmJw00000RGl4DKAT,changedApexClass,Apex Class,2025-07-02T13:33:33.000+0000,
0YmJw00000RGl47KAD,changedApexClass,Apex Class,2025-07-02T13:33:33.000+0000,
0YmJw00000RGl48KAD,changedApexClass,Apex Class,2025-07-02T13:33:33.000+0000,
0YmJw00000RGl49KAD,changedApexClass,Apex Class,2025-07-02T13:33:33.000+0000,
0YmJw00000RGl4lKAD,changedApexClass,Apex Class,2025-07-02T13:33:33.000+0000,
0YmJw00000RGl4JKAT,changedApexClass,Apex Class,2025-07-02T13:33:33.000+0000,
0YmJw00000RGl4aKAD,changedApexClass,Apex Class,2025-07-02T13:33:33.000+0000,
0YmJw00000RGl4AKAT,changedApexClass,Apex Class,2025-07-02T13:33:33.000+0000,
0YmJw00000RGl4jKAD,changedApexClass,Apex Class,2025-07-02T13:33:33.000+0000,
0YmJw00000RGl4mKAD,changedApexClass,Apex Class,2025-07-02T13:33:33.000+0000,
0YmJw00000RGl46KAD,changedApexClass,Apex Class,2025-07-02T13:33:33.000+0000,
0YmJw00000RGl4gKAD,changedApexClass,Apex Class,2025-07-02T13:33:33.000+0000,
0YmJw00000RGl45KAD,changedApexClass,Apex Class,2025-07-02T13:33:33.000+0000,
0YmJw00000RGl4eKAD,changedApexClass,Apex Class,2025-07-02T13:33:33.000+0000,
0YmJw00000RGkiNKAT,changedApexClass,Apex Class,2025-07-02T13:33:32.000+0000,
0YmJw00000RGkiOKAT,changedApexClass,Apex Class,2025-07-02T13:33:32.000+0000,
0YmJw00000RGkiPKAT,changedApexClass,Apex Class,2025-07-02T13:33:32.000+0000,
0YmJw00000RGl3wKAD,changedApexClass,Apex Class,2025-07-02T13:33:32.000+0000,
0YmJw00000RGl3xKAD,changedApexClass,Apex Class,2025-07-02T13:33:32.000+0000,
0YmJw00000RGl3vKAD,changedApexClass,Apex Class,2025-07-02T13:33:32.000+0000,
0YmJw00000RGl3yKAD,changedApexClass,Apex Class,2025-07-02T13:33:32.000+0000,
0YmJw00000RGl3tKAD,changedApexClass,Apex Class,2025-07-02T13:33:32.000+0000,
0YmJw00000RGl43KAD,changedApexClass,Apex Class,2025-07-02T13:33:32.000+0000,
0YmJw00000RGl3uKAD,changedApexClass,Apex Class,2025-07-02T13:33:32.000+0000,
0YmJw00000RGl3zKAD,changedApexClass,Apex Class,2025-07-02T13:33:32.000+0000,
0YmJw00000RGl3pKAD,changedApexClass,Apex Class,2025-07-02T13:33:32.000+0000,
0YmJw00000RGl3qKAD,changedApexClass,Apex Class,2025-07-02T13:33:32.000+0000,
0YmJw00000RGl3rKAD,changedApexClass,Apex Class,2025-07-02T13:33:32.000+0000,
0YmJw00000RGl3oKAD,changedApexClass,Apex Class,2025-07-02T13:33:32.000+0000,
0YmJw00000RGl40KAD,changedApexClass,Apex Class,2025-07-02T13:33:32.000+0000,
0YmJw00000RGl3nKAD,changedApexClass,Apex Class,2025-07-02T13:33:32.000+0000,
0YmJw00000RGl3sKAD,changedApexClass,Apex Class,2025-07-02T13:33:32.000+0000,
0YmJw00000RGl44KAD,changedApexClass,Apex Class,2025-07-02T13:33:32.000+0000,
0YmJw00000RGl3iKAD,changedApexClass,Apex Class,2025-07-02T13:33:32.000+0000,
0YmJw00000RGl3jKAD,changedApexClass,Apex Class,2025-07-02T13:33:32.000+0000,
0YmJw00000RGl3kKAD,changedApexClass,Apex Class,2025-07-02T13:33:32.000+0000,
0YmJw00000RGl3hKAD,changedApexClass,Apex Class,2025-07-02T13:33:32.000+0000,
0YmJw00000RGl3eKAD,changedApexClass,Apex Class,2025-07-02T13:33:32.000+0000,
0YmJw00000RGl3fKAD,changedApexClass,Apex Class,2025-07-02T13:33:32.000+0000,
0YmJw00000RGl3lKAD,changedApexClass,Apex Class,2025-07-02T13:33:32.000+0000,
0YmJw00000RGl3gKAD,changedApexClass,Apex Class,2025-07-02T13:33:32.000+0000,
0YmJw00000RGl3aKAD,changedApexClass,Apex Class,2025-07-02T13:33:32.000+0000,
0YmJw00000RGl3bKAD,changedApexClass,Apex Class,2025-07-02T13:33:32.000+0000,
0YmJw00000RGl3cKAD,changedApexClass,Apex Class,2025-07-02T13:33:32.000+0000,
0YmJw00000RGl3ZKAT,changedApexClass,Apex Class,2025-07-02T13:33:32.000+0000,
0YmJw00000RGl41KAD,changedApexClass,Apex Class,2025-07-02T13:33:32.000+0000,
0YmJw00000RGl3mKAD,changedApexClass,Apex Class,2025-07-02T13:33:32.000+0000,
0YmJw00000RGl3dKAD,changedApexClass,Apex Class,2025-07-02T13:33:32.000+0000,
0YmJw00000RGl3TKAT,changedApexClass,Apex Class,2025-07-02T13:33:32.000+0000,
0YmJw00000RGl3UKAT,changedApexClass,Apex Class,2025-07-02T13:33:32.000+0000,
0YmJw00000RGl3VKAT,changedApexClass,Apex Class,2025-07-02T13:33:32.000+0000,
0YmJw00000RGl3SKAT,changedApexClass,Apex Class,2025-07-02T13:33:32.000+0000,
0YmJw00000RGkiRKAT,changedApexClass,Apex Class,2025-07-02T13:33:32.000+0000,
0YmJw00000RGkiSKAT,changedApexClass,Apex Class,2025-07-02T13:33:32.000+0000,
0YmJw00000RGl3WKAT,changedApexClass,Apex Class,2025-07-02T13:33:32.000+0000,
0YmJw00000RGl3RKAT,changedApexClass,Apex Class,2025-07-02T13:33:32.000+0000,
0YmJw00000RGkiQKAT,changedApexClass,Apex Class,2025-07-02T13:33:32.000+0000,
0YmJw00000RGl3XKAT,changedApexClass,Apex Class,2025-07-02T13:33:32.000+0000,
0YmJw00000RGl3YKAT,changedApexClass,Apex Class,2025-07-02T13:33:32.000+0000,
0YmJw00000RGl42KAD,changedApexClass,Apex Class,2025-07-02T13:33:32.000+0000,
0YmJw00000RGkiMKAT,changedApexClass,Apex Class,2025-07-02T13:33:31.000+0000,
0YmJw00000RGkiJKAT,changedApexClass,Apex Class,2025-07-02T13:33:31.000+0000,
0YmJw00000RGkiKKAT,changedApexClass,Apex Class,2025-07-02T13:33:31.000+0000,
0YmJw00000RGkiLKAT,changedApexClass,Apex Class,2025-07-02T13:33:31.000+0000,
0YmJw00000RGkiFKAT,changedApexClass,Apex Class,2025-07-02T13:33:31.000+0000,
0YmJw00000RGkiGKAT,changedApexClass,Apex Class,2025-07-02T13:33:31.000+0000,
0YmJw00000RGkiHKAT,changedApexClass,Apex Class,2025-07-02T13:33:31.000+0000,
0YmJw00000RGkiEKAT,changedApexClass,Apex Class,2025-07-02T13:33:31.000+0000,
0YmJw00000RGkiCKAT,changedApexClass,Apex Class,2025-07-02T13:33:31.000+0000,
0YmJw00000RGkiIKAT,changedApexClass,Apex Class,2025-07-02T13:33:31.000+0000,
0YmJw00000RGkiDKAT,changedApexClass,Apex Class,2025-07-02T13:33:31.000+0000,
0YmJw00000RGkhfKAD,changedApexClass,Apex Class,2025-07-02T13:33:31.000+0000,
0YmJw00000RGkhgKAD,changedApexClass,Apex Class,2025-07-02T13:33:31.000+0000,
0YmJw00000RGkhiKAD,changedApexClass,Apex Class,2025-07-02T13:33:31.000+0000,
0YmJw00000RGkhhKAD,changedApexClass,Apex Class,2025-07-02T13:33:31.000+0000,
0YmJw00000RGki5KAD,changedApexClass,Apex Class,2025-07-02T13:33:31.000+0000,
0YmJw00000RGki6KAD,changedApexClass,Apex Class,2025-07-02T13:33:31.000+0000,
0YmJw00000RGki7KAD,changedApexClass,Apex Class,2025-07-02T13:33:31.000+0000,
0YmJw00000RGkiBKAT,changedApexClass,Apex Class,2025-07-02T13:33:31.000+0000,
0YmJw00000RGki8KAD,changedApexClass,Apex Class,2025-07-02T13:33:31.000+0000,
0YmJw00000RGki9KAD,changedApexClass,Apex Class,2025-07-02T13:33:31.000+0000,
0YmJw00000RGki0KAD,changedApexClass,Apex Class,2025-07-02T13:33:31.000+0000,
0YmJw00000RGki1KAD,changedApexClass,Apex Class,2025-07-02T13:33:31.000+0000,
0YmJw00000RGki2KAD,changedApexClass,Apex Class,2025-07-02T13:33:31.000+0000,
0YmJw00000RGkhzKAD,changedApexClass,Apex Class,2025-07-02T13:33:31.000+0000,
0YmJw00000RGkhwKAD,changedApexClass,Apex Class,2025-07-02T13:33:31.000+0000,
0YmJw00000RGkhxKAD,changedApexClass,Apex Class,2025-07-02T13:33:31.000+0000,
0YmJw00000RGkhyKAD,changedApexClass,Apex Class,2025-07-02T13:33:31.000+0000,
0YmJw00000RGki3KAD,changedApexClass,Apex Class,2025-07-02T13:33:31.000+0000,
0YmJw00000RGkhjKAD,changedApexClass,Apex Class,2025-07-02T13:33:31.000+0000,
0YmJw00000RGkhuKAD,changedApexClass,Apex Class,2025-07-02T13:33:31.000+0000,
0YmJw00000RGkhvKAD,changedApexClass,Apex Class,2025-07-02T13:33:31.000+0000,
0YmJw00000RGki4KAD,changedApexClass,Apex Class,2025-07-02T13:33:31.000+0000,
0YmJw00000RGkiAKAT,changedApexClass,Apex Class,2025-07-02T13:33:31.000+0000,
0YmJw00000RGkhmKAD,changedApexClass,Apex Class,2025-07-02T13:33:31.000+0000,
0YmJw00000RGkhnKAD,changedApexClass,Apex Class,2025-07-02T13:33:31.000+0000,
0YmJw00000RGkhoKAD,changedApexClass,Apex Class,2025-07-02T13:33:31.000+0000,
0YmJw00000RGkhlKAD,changedApexClass,Apex Class,2025-07-02T13:33:31.000+0000,
0YmJw00000RGkhpKAD,changedApexClass,Apex Class,2025-07-02T13:33:31.000+0000,
0YmJw00000RGkhqKAD,changedApexClass,Apex Class,2025-07-02T13:33:31.000+0000,
0YmJw00000RGkhrKAD,changedApexClass,Apex Class,2025-07-02T13:33:31.000+0000,
0YmJw00000RGkhsKAD,changedApexClass,Apex Class,2025-07-02T13:33:31.000+0000,
0YmJw00000RGkhkKAD,changedApexClass,Apex Class,2025-07-02T13:33:31.000+0000,
0YmJw00000RGkhtKAD,changedApexClass,Apex Class,2025-07-02T13:33:31.000+0000,
0YmJw00000RGkhdKAD,changedApexClass,Apex Class,2025-07-02T13:33:30.000+0000,
0YmJw00000RGkheKAD,changedApexClass,Apex Class,2025-07-02T13:33:30.000+0000,
0YmJw00000RGkhcKAD,changedApexClass,Apex Class,2025-07-02T13:33:30.000+0000,
0YmJw00000RGkhZKAT,changedApexClass,Apex Class,2025-07-02T13:33:30.000+0000,
0YmJw00000RGkhaKAD,changedApexClass,Apex Class,2025-07-02T13:33:30.000+0000,
0YmJw00000RGkhbKAD,changedApexClass,Apex Class,2025-07-02T13:33:30.000+0000,
0YmJw00000RGkhVKAT,changedApexClass,Apex Class,2025-07-02T13:33:30.000+0000,
0YmJw00000RGkhWKAT,changedApexClass,Apex Class,2025-07-02T13:33:30.000+0000,
0YmJw00000RGkhUKAT,changedApexClass,Apex Class,2025-07-02T13:33:30.000+0000,
0YmJw00000RGkhXKAT,changedApexClass,Apex Class,2025-07-02T13:33:30.000+0000,
0YmJw00000RGkhYKAT,changedApexClass,Apex Class,2025-07-02T13:33:30.000+0000,
0YmJw00000RGkhOKAT,changedApexClass,Apex Class,2025-07-02T13:33:30.000+0000,
0YmJw00000RGkhPKAT,changedApexClass,Apex Class,2025-07-02T13:33:30.000+0000,
0YmJw00000RGkhQKAT,changedApexClass,Apex Class,2025-07-02T13:33:30.000+0000,
0YmJw00000RGkhNKAT,changedApexClass,Apex Class,2025-07-02T13:33:30.000+0000,
0YmJw00000RGkhKKAT,changedApexClass,Apex Class,2025-07-02T13:33:30.000+0000,
0YmJw00000RGkhLKAT,changedApexClass,Apex Class,2025-07-02T13:33:30.000+0000,
0YmJw00000RGkhRKAT,changedApexClass,Apex Class,2025-07-02T13:33:30.000+0000,
0YmJw00000RGkhMKAT,changedApexClass,Apex Class,2025-07-02T13:33:30.000+0000,
0YmJw00000RGkhHKAT,changedApexClass,Apex Class,2025-07-02T13:33:30.000+0000,
0YmJw00000RGkhIKAT,changedApexClass,Apex Class,2025-07-02T13:33:30.000+0000,
0YmJw00000RGkhSKAT,changedApexClass,Apex Class,2025-07-02T13:33:30.000+0000,
0YmJw00000RGkhJKAT,changedApexClass,Apex Class,2025-07-02T13:33:30.000+0000,
0YmJw00000RGkhTKAT,changedApexClass,Apex Class,2025-07-02T13:33:30.000+0000,
0YmJw00000RGkhGKAT,changedApexClass,Apex Class,2025-07-02T13:33:29.000+0000,
0YmJw00000RGkhFKAT,changedApexClass,Apex Class,2025-07-02T13:33:29.000+0000,
0YmJw00000RGkhDKAT,changedApexClass,Apex Class,2025-07-02T13:33:29.000+0000,
0YmJw00000RGkhEKAT,changedApexClass,Apex Class,2025-07-02T13:33:29.000+0000,
0YmJw00000RGkh8KAD,changedApexClass,Apex Class,2025-07-02T13:33:29.000+0000,
0YmJw00000RGkh9KAD,changedApexClass,Apex Class,2025-07-02T13:33:29.000+0000,
0YmJw00000RGkh7KAD,changedApexClass,Apex Class,2025-07-02T13:33:29.000+0000,
0YmJw00000RGkhAKAT,changedApexClass,Apex Class,2025-07-02T13:33:29.000+0000,
0YmJw00000RGkh4KAD,changedApexClass,Apex Class,2025-07-02T13:33:29.000+0000,
0YmJw00000RGkh5KAD,changedApexClass,Apex Class,2025-07-02T13:33:29.000+0000,
0YmJw00000RGkh6KAD,changedApexClass,Apex Class,2025-07-02T13:33:29.000+0000,
0YmJw00000RGkhBKAT,changedApexClass,Apex Class,2025-07-02T13:33:29.000+0000,
0YmJw00000RGkh2KAD,changedApexClass,Apex Class,2025-07-02T13:33:29.000+0000,
0YmJw00000RGkhCKAT,changedApexClass,Apex Class,2025-07-02T13:33:29.000+0000,
0YmJw00000RGkh3KAD,changedApexClass,Apex Class,2025-07-02T13:33:29.000+0000,
0YmJw00000RGkh0KAD,changedApexClass,Apex Class,2025-07-02T13:33:29.000+0000,
0YmJw00000RGkh1KAD,changedApexClass,Apex Class,2025-07-02T13:33:29.000+0000,
0YmJw00000RGkgtKAD,changedApexClass,Apex Class,2025-07-02T13:33:29.000+0000,
0YmJw00000RGkguKAD,changedApexClass,Apex Class,2025-07-02T13:33:29.000+0000,
0YmJw00000RGkSKKA1,changedApexClass,Apex Class,2025-07-02T13:33:29.000+0000,
0YmJw00000RGkgrKAD,changedApexClass,Apex Class,2025-07-02T13:33:29.000+0000,
0YmJw00000RGkgvKAD,changedApexClass,Apex Class,2025-07-02T13:33:29.000+0000,
0YmJw00000RGkSJKA1,changedApexClass,Apex Class,2025-07-02T13:33:29.000+0000,
0YmJw00000RGkgsKAD,changedApexClass,Apex Class,2025-07-02T13:33:29.000+0000,
0YmJw00000RGkSGKA1,changedApexClass,Apex Class,2025-07-02T13:33:29.000+0000,
0YmJw00000RGkSHKA1,changedApexClass,Apex Class,2025-07-02T13:33:29.000+0000,
0YmJw00000RGkgwKAD,changedApexClass,Apex Class,2025-07-02T13:33:29.000+0000,
0YmJw00000RGkSIKA1,changedApexClass,Apex Class,2025-07-02T13:33:29.000+0000,
0YmJw00000RGkSCKA1,changedApexClass,Apex Class,2025-07-02T13:33:29.000+0000,
0YmJw00000RGkSDKA1,changedApexClass,Apex Class,2025-07-02T13:33:29.000+0000,
0YmJw00000RGkSEKA1,changedApexClass,Apex Class,2025-07-02T13:33:29.000+0000,
0YmJw00000RGkSBKA1,changedApexClass,Apex Class,2025-07-02T13:33:29.000+0000,
0YmJw00000RGkSFKA1,changedApexClass,Apex Class,2025-07-02T13:33:29.000+0000,
0YmJw00000RGkgxKAD,changedApexClass,Apex Class,2025-07-02T13:33:29.000+0000,
0YmJw00000RGkSAKA1,changedApexClass,Apex Class,2025-07-02T13:33:29.000+0000,
0YmJw00000RGkS5KAL,changedApexClass,Apex Class,2025-07-02T13:33:29.000+0000,
0YmJw00000RGkS6KAL,changedApexClass,Apex Class,2025-07-02T13:33:29.000+0000,
0YmJw00000RGkS7KAL,changedApexClass,Apex Class,2025-07-02T13:33:29.000+0000,
0YmJw00000RGkS4KAL,changedApexClass,Apex Class,2025-07-02T13:33:29.000+0000,
0YmJw00000RGkS1KAL,changedApexClass,Apex Class,2025-07-02T13:33:29.000+0000,
0YmJw00000RGkS2KAL,changedApexClass,Apex Class,2025-07-02T13:33:29.000+0000,
0YmJw00000RGkS3KAL,changedApexClass,Apex Class,2025-07-02T13:33:29.000+0000,
0YmJw00000RGkS8KAL,changedApexClass,Apex Class,2025-07-02T13:33:29.000+0000,
0YmJw00000RGkRyKAL,changedApexClass,Apex Class,2025-07-02T13:33:29.000+0000,
0YmJw00000RGkRzKAL,changedApexClass,Apex Class,2025-07-02T13:33:29.000+0000,
0YmJw00000RGkS9KAL,changedApexClass,Apex Class,2025-07-02T13:33:29.000+0000,
0YmJw00000RGkgyKAD,changedApexClass,Apex Class,2025-07-02T13:33:29.000+0000,
0YmJw00000RGkS0KAL,changedApexClass,Apex Class,2025-07-02T13:33:29.000+0000,
0YmJw00000RGkgzKAD,changedApexClass,Apex Class,2025-07-02T13:33:29.000+0000,
0YmJw00000RGkRoKAL,changedApexClass,Apex Class,2025-07-02T13:33:28.000+0000,
0YmJw00000RGkRpKAL,changedApexClass,Apex Class,2025-07-02T13:33:28.000+0000,
0YmJw00000RGkRqKAL,changedApexClass,Apex Class,2025-07-02T13:33:28.000+0000,
0YmJw00000RGkRkKAL,changedApexClass,Apex Class,2025-07-02T13:33:28.000+0000,
0YmJw00000RGkRhKAL,changedApexClass,Apex Class,2025-07-02T13:33:28.000+0000,
0YmJw00000RGkRgKAL,changedApexClass,Apex Class,2025-07-02T13:33:28.000+0000,
0YmJw00000RGkRiKAL,changedApexClass,Apex Class,2025-07-02T13:33:28.000+0000,
0YmJw00000RGkReKAL,changedApexClass,Apex Class,2025-07-02T13:33:28.000+0000,
0YmJw00000RGkRfKAL,changedApexClass,Apex Class,2025-07-02T13:33:28.000+0000,
0YmJw00000RGkRjKAL,changedApexClass,Apex Class,2025-07-02T13:33:28.000+0000,
0YmJw00000RGkRZKA1,changedApexClass,Apex Class,2025-07-02T13:33:28.000+0000,
0YmJw00000RGkRaKAL,changedApexClass,Apex Class,2025-07-02T13:33:28.000+0000,
0YmJw00000RGkRYKA1,changedApexClass,Apex Class,2025-07-02T13:33:28.000+0000,
0YmJw00000RGkRbKAL,changedApexClass,Apex Class,2025-07-02T13:33:28.000+0000,
0YmJw00000RGkRVKA1,changedApexClass,Apex Class,2025-07-02T13:33:28.000+0000,
0YmJw00000RGkRWKA1,changedApexClass,Apex Class,2025-07-02T13:33:28.000+0000,
0YmJw00000RGkRXKA1,changedApexClass,Apex Class,2025-07-02T13:33:28.000+0000,
0YmJw00000RGkRcKAL,changedApexClass,Apex Class,2025-07-02T13:33:28.000+0000,
0YmJw00000RGkRRKA1,changedApexClass,Apex Class,2025-07-02T13:33:28.000+0000,
0YmJw00000RGkRSKA1,changedApexClass,Apex Class,2025-07-02T13:33:28.000+0000,
0YmJw00000RGkRQKA1,changedApexClass,Apex Class,2025-07-02T13:33:28.000+0000,
0YmJw00000RGkRlKAL,changedApexClass,Apex Class,2025-07-02T13:33:28.000+0000,
0YmJw00000RGkRPKA1,changedApexClass,Apex Class,2025-07-02T13:33:28.000+0000,
0YmJw00000RGkRTKA1,changedApexClass,Apex Class,2025-07-02T13:33:28.000+0000,
0YmJw00000RGkRUKA1,changedApexClass,Apex Class,2025-07-02T13:33:28.000+0000,
0YmJw00000RGkRdKAL,changedApexClass,Apex Class,2025-07-02T13:33:28.000+0000,
0YmJw00000RGkRJKA1,changedApexClass,Apex Class,2025-07-02T13:33:28.000+0000,
0YmJw00000RGkRKKA1,changedApexClass,Apex Class,2025-07-02T13:33:28.000+0000,
0YmJw00000RGkRIKA1,changedApexClass,Apex Class,2025-07-02T13:33:28.000+0000,
0YmJw00000RGkRLKA1,changedApexClass,Apex Class,2025-07-02T13:33:28.000+0000,
0YmJw00000RGkRMKA1,changedApexClass,Apex Class,2025-07-02T13:33:28.000+0000,
0YmJw00000RGkRNKA1,changedApexClass,Apex Class,2025-07-02T13:33:28.000+0000,
0YmJw00000RGkRxKAL,changedApexClass,Apex Class,2025-07-02T13:33:28.000+0000,
0YmJw00000RGkRwKAL,changedApexClass,Apex Class,2025-07-02T13:33:28.000+0000,
0YmJw00000RGkRmKAL,changedApexClass,Apex Class,2025-07-02T13:33:28.000+0000,
0YmJw00000RGkROKA1,changedApexClass,Apex Class,2025-07-02T13:33:28.000+0000,
0YmJw00000RGkRvKAL,changedApexClass,Apex Class,2025-07-02T13:33:28.000+0000,
0YmJw00000RGkRnKAL,changedApexClass,Apex Class,2025-07-02T13:33:28.000+0000,
0YmJw00000RGkRrKAL,changedApexClass,Apex Class,2025-07-02T13:33:28.000+0000,
0YmJw00000RGkRsKAL,changedApexClass,Apex Class,2025-07-02T13:33:28.000+0000,
0YmJw00000RGkRtKAL,changedApexClass,Apex Class,2025-07-02T13:33:28.000+0000,
0YmJw00000RGkRuKAL,changedApexClass,Apex Class,2025-07-02T13:33:28.000+0000,
0YmJw00000RGkRFKA1,changedApexClass,Apex Class,2025-07-02T13:33:27.000+0000,
0YmJw00000RGkRGKA1,changedApexClass,Apex Class,2025-07-02T13:33:27.000+0000,
0YmJw00000RGkRHKA1,changedApexClass,Apex Class,2025-07-02T13:33:27.000+0000,
0YmJw00000RGkR2KAL,changedApexClass,Apex Class,2025-07-02T13:33:27.000+0000,
0YmJw00000RGkR3KAL,changedApexClass,Apex Class,2025-07-02T13:33:27.000+0000,
0YmJw00000RGkR8KAL,changedApexClass,Apex Class,2025-07-02T13:33:27.000+0000,
0YmJw00000RGkR4KAL,changedApexClass,Apex Class,2025-07-02T13:33:27.000+0000,
0YmJw00000RGkREKA1,changedApexClass,Apex Class,2025-07-02T13:33:27.000+0000,
0YmJw00000RGkR5KAL,changedApexClass,Apex Class,2025-07-02T13:33:27.000+0000,
0YmJw00000RGkR6KAL,changedApexClass,Apex Class,2025-07-02T13:33:27.000+0000,
0YmJw00000RGkQxKAL,changedApexClass,Apex Class,2025-07-02T13:33:27.000+0000,
0YmJw00000RGkQyKAL,changedApexClass,Apex Class,2025-07-02T13:33:27.000+0000,
0YmJw00000RGkQzKAL,changedApexClass,Apex Class,2025-07-02T13:33:27.000+0000,
0YmJw00000RGkQwKAL,changedApexClass,Apex Class,2025-07-02T13:33:27.000+0000,
0YmJw00000RGkQtKAL,changedApexClass,Apex Class,2025-07-02T13:33:27.000+0000,
0YmJw00000RGkQuKAL,changedApexClass,Apex Class,2025-07-02T13:33:27.000+0000,
0YmJw00000RGkQvKAL,changedApexClass,Apex Class,2025-07-02T13:33:27.000+0000,
0YmJw00000RGkR0KAL,changedApexClass,Apex Class,2025-07-02T13:33:27.000+0000,
0YmJw00000RGkQrKAL,changedApexClass,Apex Class,2025-07-02T13:33:27.000+0000,
0YmJw00000RGkQqKAL,changedApexClass,Apex Class,2025-07-02T13:33:27.000+0000,
0YmJw00000RGkQsKAL,changedApexClass,Apex Class,2025-07-02T13:33:27.000+0000,
0YmJw00000RGkR1KAL,changedApexClass,Apex Class,2025-07-02T13:33:27.000+0000,
0YmJw00000RGkR7KAL,changedApexClass,Apex Class,2025-07-02T13:33:27.000+0000,
0YmJw00000RGkQjKAL,changedApexClass,Apex Class,2025-07-02T13:33:27.000+0000,
0YmJw00000RGkQlKAL,changedApexClass,Apex Class,2025-07-02T13:33:27.000+0000,
0YmJw00000RGkQkKAL,changedApexClass,Apex Class,2025-07-02T13:33:27.000+0000,
0YmJw00000RGkAaKAL,changedApexClass,Apex Class,2025-07-02T13:33:27.000+0000,
0YmJw00000RGkQmKAL,changedApexClass,Apex Class,2025-07-02T13:33:27.000+0000,
0YmJw00000RGkAXKA1,changedApexClass,Apex Class,2025-07-02T13:33:27.000+0000,
0YmJw00000RGkAYKA1,changedApexClass,Apex Class,2025-07-02T13:33:27.000+0000,
0YmJw00000RGkAWKA1,changedApexClass,Apex Class,2025-07-02T13:33:27.000+0000,
0YmJw00000RGkQnKAL,changedApexClass,Apex Class,2025-07-02T13:33:27.000+0000,
0YmJw00000RGkAZKA1,changedApexClass,Apex Class,2025-07-02T13:33:27.000+0000,
0YmJw00000RGkASKA1,changedApexClass,Apex Class,2025-07-02T13:33:27.000+0000,
0YmJw00000RGkATKA1,changedApexClass,Apex Class,2025-07-02T13:33:27.000+0000,
0YmJw00000RGkAUKA1,changedApexClass,Apex Class,2025-07-02T13:33:27.000+0000,
0YmJw00000RGkRDKA1,changedApexClass,Apex Class,2025-07-02T13:33:27.000+0000,
0YmJw00000RGkAVKA1,changedApexClass,Apex Class,2025-07-02T13:33:27.000+0000,
0YmJw00000RGkQoKAL,changedApexClass,Apex Class,2025-07-02T13:33:27.000+0000,
0YmJw00000RGkRCKA1,changedApexClass,Apex Class,2025-07-02T13:33:27.000+0000,
0YmJw00000RGkRAKA1,changedApexClass,Apex Class,2025-07-02T13:33:27.000+0000,
0YmJw00000RGkQpKAL,changedApexClass,Apex Class,2025-07-02T13:33:27.000+0000,
0YmJw00000RGkRBKA1,changedApexClass,Apex Class,2025-07-02T13:33:27.000+0000,
0YmJw00000RGkR9KAL,changedApexClass,Apex Class,2025-07-02T13:33:27.000+0000,
0YmJw00000RGkARKA1,changedApexClass,Apex Class,2025-07-02T13:33:26.000+0000,
0YmJw00000RGkAQKA1,changedApexClass,Apex Class,2025-07-02T13:33:26.000+0000,
0YmJw00000RGkAPKA1,changedApexClass,Apex Class,2025-07-02T13:33:26.000+0000,
0YmJw00000RGkAJKA1,changedApexClass,Apex Class,2025-07-02T13:33:26.000+0000,
0YmJw00000RGkALKA1,changedApexClass,Apex Class,2025-07-02T13:33:26.000+0000,
0YmJw00000RGkAMKA1,changedApexClass,Apex Class,2025-07-02T13:33:26.000+0000,
0YmJw00000RGkAGKA1,changedApexClass,Apex Class,2025-07-02T13:33:26.000+0000,
0YmJw00000RGkAEKA1,changedApexClass,Apex Class,2025-07-02T13:33:26.000+0000,
0YmJw00000RGkANKA1,changedApexClass,Apex Class,2025-07-02T13:33:26.000+0000,
0YmJw00000RGkAFKA1,changedApexClass,Apex Class,2025-07-02T13:33:26.000+0000,
0YmJw00000RGkAHKA1,changedApexClass,Apex Class,2025-07-02T13:33:26.000+0000,
0YmJw00000RGkAAKA1,changedApexClass,Apex Class,2025-07-02T13:33:26.000+0000,
0YmJw00000RGkABKA1,changedApexClass,Apex Class,2025-07-02T13:33:26.000+0000,
0YmJw00000RGkACKA1,changedApexClass,Apex Class,2025-07-02T13:33:26.000+0000,
0YmJw00000RGkAOKA1,changedApexClass,Apex Class,2025-07-02T13:33:26.000+0000,
0YmJw00000RGkADKA1,changedApexClass,Apex Class,2025-07-02T13:33:26.000+0000,
0YmJw00000RGkAIKA1,changedApexClass,Apex Class,2025-07-02T13:33:26.000+0000,
0YmJw00000RGkA4KAL,changedApexClass,Apex Class,2025-07-02T13:33:26.000+0000,
0YmJw00000RGkA5KAL,changedApexClass,Apex Class,2025-07-02T13:33:26.000+0000,
0YmJw00000RGkA6KAL,changedApexClass,Apex Class,2025-07-02T13:33:26.000+0000,
0YmJw00000RGkA3KAL,changedApexClass,Apex Class,2025-07-02T13:33:26.000+0000,
0YmJw00000RGkA0KAL,changedApexClass,Apex Class,2025-07-02T13:33:26.000+0000,
0YmJw00000RGkA1KAL,changedApexClass,Apex Class,2025-07-02T13:33:26.000+0000,
0YmJw00000RGkA7KAL,changedApexClass,Apex Class,2025-07-02T13:33:26.000+0000,
0YmJw00000RGkA2KAL,changedApexClass,Apex Class,2025-07-02T13:33:26.000+0000,
0YmJw00000RGk9wKAD,changedApexClass,Apex Class,2025-07-02T13:33:26.000+0000,
0YmJw00000RGk9xKAD,changedApexClass,Apex Class,2025-07-02T13:33:26.000+0000,
0YmJw00000RGk9yKAD,changedApexClass,Apex Class,2025-07-02T13:33:26.000+0000,
0YmJw00000RGk9vKAD,changedApexClass,Apex Class,2025-07-02T13:33:26.000+0000,
0YmJw00000RGk9tKAD,changedApexClass,Apex Class,2025-07-02T13:33:26.000+0000,
0YmJw00000RGk9zKAD,changedApexClass,Apex Class,2025-07-02T13:33:26.000+0000,
0YmJw00000RGkA8KAL,changedApexClass,Apex Class,2025-07-02T13:33:26.000+0000,
0YmJw00000RGk9uKAD,changedApexClass,Apex Class,2025-07-02T13:33:26.000+0000,
0YmJw00000RGk9qKAD,changedApexClass,Apex Class,2025-07-02T13:33:26.000+0000,
0YmJw00000RGk9rKAD,changedApexClass,Apex Class,2025-07-02T13:33:26.000+0000,
0YmJw00000RGk9sKAD,changedApexClass,Apex Class,2025-07-02T13:33:26.000+0000,
0YmJw00000RGkA9KAL,changedApexClass,Apex Class,2025-07-02T13:33:26.000+0000,
0YmJw00000RGkAKKA1,changedApexClass,Apex Class,2025-07-02T13:33:26.000+0000,
0YmJw00000RGk9hKAD,changedApexClass,Apex Class,2025-07-02T13:33:25.000+0000,
0YmJw00000RGk9iKAD,changedApexClass,Apex Class,2025-07-02T13:33:25.000+0000,
0YmJw00000RGk9gKAD,changedApexClass,Apex Class,2025-07-02T13:33:25.000+0000,
0YmJw00000RGk9fKAD,changedApexClass,Apex Class,2025-07-02T13:33:25.000+0000,
0YmJw00000RGk9jKAD,changedApexClass,Apex Class,2025-07-02T13:33:25.000+0000,
0YmJw00000RGk9eKAD,changedApexClass,Apex Class,2025-07-02T13:33:25.000+0000,
0YmJw00000RGk9kKAD,changedApexClass,Apex Class,2025-07-02T13:33:25.000+0000,
0YmJw00000RGk96KAD,changedApexClass,Apex Class,2025-07-02T13:33:25.000+0000,
0YmJw00000RGk9dKAD,changedApexClass,Apex Class,2025-07-02T13:33:25.000+0000,
0YmJw00000RGk9lKAD,changedApexClass,Apex Class,2025-07-02T13:33:25.000+0000,
0YmJw00000RGk93KAD,changedApexClass,Apex Class,2025-07-02T13:33:25.000+0000,
0YmJw00000RGk94KAD,changedApexClass,Apex Class,2025-07-02T13:33:25.000+0000,
0YmJw00000RGk97KAD,changedApexClass,Apex Class,2025-07-02T13:33:25.000+0000,
0YmJw00000RGk9aKAD,changedApexClass,Apex Class,2025-07-02T13:33:25.000+0000,
0YmJw00000RGk95KAD,changedApexClass,Apex Class,2025-07-02T13:33:25.000+0000,
0YmJw00000RGk9bKAD,changedApexClass,Apex Class,2025-07-02T13:33:25.000+0000,
0YmJw00000RGk9cKAD,changedApexClass,Apex Class,2025-07-02T13:33:25.000+0000,
0YmJw00000RGk9mKAD,changedApexClass,Apex Class,2025-07-02T13:33:25.000+0000,
0YmJw00000RGk98KAD,changedApexClass,Apex Class,2025-07-02T13:33:25.000+0000,
0YmJw00000RGk9nKAD,changedApexClass,Apex Class,2025-07-02T13:33:25.000+0000,
0YmJw00000RGk9VKAT,changedApexClass,Apex Class,2025-07-02T13:33:25.000+0000,
0YmJw00000RGk9WKAT,changedApexClass,Apex Class,2025-07-02T13:33:25.000+0000,
0YmJw00000RGk9SKAT,changedApexClass,Apex Class,2025-07-02T13:33:25.000+0000,
0YmJw00000RGk9TKAT,changedApexClass,Apex Class,2025-07-02T13:33:25.000+0000,
0YmJw00000RGk9QKAT,changedApexClass,Apex Class,2025-07-02T13:33:25.000+0000,
0YmJw00000RGk9RKAT,changedApexClass,Apex Class,2025-07-02T13:33:25.000+0000,
0YmJw00000RGk9XKAT,changedApexClass,Apex Class,2025-07-02T13:33:25.000+0000,
0YmJw00000RGk9OKAT,changedApexClass,Apex Class,2025-07-02T13:33:25.000+0000,
0YmJw00000RGk9PKAT,changedApexClass,Apex Class,2025-07-02T13:33:25.000+0000,
0YmJw00000RGk9UKAT,changedApexClass,Apex Class,2025-07-02T13:33:25.000+0000,
0YmJw00000RGk9JKAT,changedApexClass,Apex Class,2025-07-02T13:33:25.000+0000,
0YmJw00000RGk9KKAT,changedApexClass,Apex Class,2025-07-02T13:33:25.000+0000,
0YmJw00000RGk9IKAT,changedApexClass,Apex Class,2025-07-02T13:33:25.000+0000,
0YmJw00000RGk9LKAT,changedApexClass,Apex Class,2025-07-02T13:33:25.000+0000,
0YmJw00000RGk9FKAT,changedApexClass,Apex Class,2025-07-02T13:33:25.000+0000,
0YmJw00000RGk9GKAT,changedApexClass,Apex Class,2025-07-02T13:33:25.000+0000,
0YmJw00000RGk9HKAT,changedApexClass,Apex Class,2025-07-02T13:33:25.000+0000,
0YmJw00000RGk9MKAT,changedApexClass,Apex Class,2025-07-02T13:33:25.000+0000,
0YmJw00000RGk9oKAD,changedApexClass,Apex Class,2025-07-02T13:33:25.000+0000,
0YmJw00000RGk9pKAD,changedApexClass,Apex Class,2025-07-02T13:33:25.000+0000,
0YmJw00000RGk9ZKAT,changedApexClass,Apex Class,2025-07-02T13:33:25.000+0000,
0YmJw00000RGk9CKAT,changedApexClass,Apex Class,2025-07-02T13:33:25.000+0000,
0YmJw00000RGk9AKAT,changedApexClass,Apex Class,2025-07-02T13:33:25.000+0000,
0YmJw00000RGk9YKAT,changedApexClass,Apex Class,2025-07-02T13:33:25.000+0000,
0YmJw00000RGk9BKAT,changedApexClass,Apex Class,2025-07-02T13:33:25.000+0000,
0YmJw00000RGk9DKAT,changedApexClass,Apex Class,2025-07-02T13:33:25.000+0000,
0YmJw00000RGk9NKAT,changedApexClass,Apex Class,2025-07-02T13:33:25.000+0000,
0YmJw00000RGk99KAD,changedApexClass,Apex Class,2025-07-02T13:33:25.000+0000,
0YmJw00000RGk9EKAT,changedApexClass,Apex Class,2025-07-02T13:33:25.000+0000,
0YmJw00000RGjtrKAD,changedApexClass,Apex Class,2025-07-02T13:33:24.000+0000,
0YmJw00000RGjtqKAD,changedApexClass,Apex Class,2025-07-02T13:33:24.000+0000,
0YmJw00000RGjtsKAD,changedApexClass,Apex Class,2025-07-02T13:33:24.000+0000,
0YmJw00000RGjtoKAD,changedApexClass,Apex Class,2025-07-02T13:33:24.000+0000,
0YmJw00000RGjtpKAD,changedApexClass,Apex Class,2025-07-02T13:33:24.000+0000,
0YmJw00000RGjttKAD,changedApexClass,Apex Class,2025-07-02T13:33:24.000+0000,
0YmJw00000RGjtuKAD,changedApexClass,Apex Class,2025-07-02T13:33:24.000+0000,
0YmJw00000RGjuSKAT,changedApexClass,Apex Class,2025-07-02T13:33:24.000+0000,
0YmJw00000RGk8zKAD,changedApexClass,Apex Class,2025-07-02T13:33:24.000+0000,
0YmJw00000RGjuRKAT,changedApexClass,Apex Class,2025-07-02T13:33:24.000+0000,
0YmJw00000RGk90KAD,changedApexClass,Apex Class,2025-07-02T13:33:24.000+0000,
0YmJw00000RGjuOKAT,changedApexClass,Apex Class,2025-07-02T13:33:24.000+0000,
0YmJw00000RGjuPKAT,changedApexClass,Apex Class,2025-07-02T13:33:24.000+0000,
0YmJw00000RGjuQKAT,changedApexClass,Apex Class,2025-07-02T13:33:24.000+0000,
0YmJw00000RGk91KAD,changedApexClass,Apex Class,2025-07-02T13:33:24.000+0000,
0YmJw00000RGjuKKAT,changedApexClass,Apex Class,2025-07-02T13:33:24.000+0000,
0YmJw00000RGjuLKAT,changedApexClass,Apex Class,2025-07-02T13:33:24.000+0000,
0YmJw00000RGjuJKAT,changedApexClass,Apex Class,2025-07-02T13:33:24.000+0000,
0YmJw00000RGjuMKAT,changedApexClass,Apex Class,2025-07-02T13:33:24.000+0000,
0YmJw00000RGk92KAD,changedApexClass,Apex Class,2025-07-02T13:33:24.000+0000,
0YmJw00000RGjuNKAT,changedApexClass,Apex Class,2025-07-02T13:33:24.000+0000,
0YmJw00000RGjtvKAD,changedApexClass,Apex Class,2025-07-02T13:33:24.000+0000,
0YmJw00000RGjuDKAT,changedApexClass,Apex Class,2025-07-02T13:33:24.000+0000,
0YmJw00000RGjuEKAT,changedApexClass,Apex Class,2025-07-02T13:33:24.000+0000,
0YmJw00000RGjuFKAT,changedApexClass,Apex Class,2025-07-02T13:33:24.000+0000,
0YmJw00000RGjuCKAT,changedApexClass,Apex Class,2025-07-02T13:33:24.000+0000,
0YmJw00000RGju9KAD,changedApexClass,Apex Class,2025-07-02T13:33:24.000+0000,
0YmJw00000RGjuAKAT,changedApexClass,Apex Class,2025-07-02T13:33:24.000+0000,
0YmJw00000RGjuBKAT,changedApexClass,Apex Class,2025-07-02T13:33:24.000+0000,
0YmJw00000RGjuGKAT,changedApexClass,Apex Class,2025-07-02T13:33:24.000+0000,
0YmJw00000RGju5KAD,changedApexClass,Apex Class,2025-07-02T13:33:24.000+0000,
0YmJw00000RGju6KAD,changedApexClass,Apex Class,2025-07-02T13:33:24.000+0000,
0YmJw00000RGju4KAD,changedApexClass,Apex Class,2025-07-02T13:33:24.000+0000,
0YmJw00000RGju7KAD,changedApexClass,Apex Class,2025-07-02T13:33:24.000+0000,
0YmJw00000RGju2KAD,createdApexClass,Apex Class,2025-07-02T13:33:24.000+0000,
0YmJw00000RGjuHKAT,changedApexClass,Apex Class,2025-07-02T13:33:24.000+0000,
0YmJw00000RGju8KAD,changedApexClass,Apex Class,2025-07-02T13:33:24.000+0000,
0YmJw00000RGju3KAD,changedApexClass,Apex Class,2025-07-02T13:33:24.000+0000,
0YmJw00000RGjtxKAD,changedApexClass,Apex Class,2025-07-02T13:33:24.000+0000,
0YmJw00000RGjtyKAD,createdApexClass,Apex Class,2025-07-02T13:33:24.000+0000,
0YmJw00000RGjtwKAD,changedApexClass,Apex Class,2025-07-02T13:33:24.000+0000,
0YmJw00000RGjtzKAD,createdApexClass,Apex Class,2025-07-02T13:33:24.000+0000,
0YmJw00000RGju0KAD,createdApexClass,Apex Class,2025-07-02T13:33:24.000+0000,
0YmJw00000RGju1KAD,createdApexClass,Apex Class,2025-07-02T13:33:24.000+0000,
0YmJw00000RGjuIKAT,changedApexClass,Apex Class,2025-07-02T13:33:24.000+0000,
0YmJw00000RGjt5KAD,changedApexClass,Apex Class,2025-07-02T13:33:23.000+0000,
0YmJw00000RGjt7KAD,changedApexClass,Apex Class,2025-07-02T13:33:23.000+0000,
0YmJw00000RGjt6KAD,changedApexClass,Apex Class,2025-07-02T13:33:23.000+0000,
0YmJw00000RGjt8KAD,changedApexClass,Apex Class,2025-07-02T13:33:23.000+0000,
0YmJw00000RGjtlKAD,changedApexClass,Apex Class,2025-07-02T13:33:23.000+0000,
0YmJw00000RGjtmKAD,changedApexClass,Apex Class,2025-07-02T13:33:23.000+0000,
0YmJw00000RGjtkKAD,changedApexClass,Apex Class,2025-07-02T13:33:23.000+0000,
0YmJw00000RGjtnKAD,changedApexClass,Apex Class,2025-07-02T13:33:23.000+0000,
0YmJw00000RGjt9KAD,changedApexClass,Apex Class,2025-07-02T13:33:23.000+0000,
0YmJw00000RGjtgKAD,changedApexClass,Apex Class,2025-07-02T13:33:23.000+0000,
0YmJw00000RGjthKAD,changedApexClass,Apex Class,2025-07-02T13:33:23.000+0000,
0YmJw00000RGjteKAD,changedApexClass,Apex Class,2025-07-02T13:33:23.000+0000,
0YmJw00000RGjtfKAD,changedApexClass,Apex Class,2025-07-02T13:33:23.000+0000,
0YmJw00000RGjtiKAD,changedApexClass,Apex Class,2025-07-02T13:33:23.000+0000,
0YmJw00000RGjtbKAD,changedApexClass,Apex Class,2025-07-02T13:33:23.000+0000,
0YmJw00000RGjtcKAD,changedApexClass,Apex Class,2025-07-02T13:33:23.000+0000,
0YmJw00000RGjtjKAD,changedApexClass,Apex Class,2025-07-02T13:33:23.000+0000,
